perf,type,difficulty,sessionID_x,userID
90.0,NO,1,1,991
90.0,NO,2,1,991
35.0,NO,3,1,991
100.0,DO,1,1,991
85.71428571428571,DO,2,1,991
40.0,DO,3,1,991
100.0,SO,1,1,991
71.42857142857143,SO,2,1,991
16.666666666666668,SO,3,1,991
95.0,NO,1,2,991
80.0,NO,2,2,991
50.0,NO,3,2,991
100.0,DO,1,2,991
90.0,DO,2,2,991
87.5,DO,3,2,991
93.75,SO,1,2,991
100.0,SO,2,2,991
100.0,SO,3,2,991
90.0,NO,1,3,991
85.0,NO,2,3,991
50.0,NO,3,3,991
100.0,DO,1,3,991
100.0,DO,2,3,991
16.666666666666668,DO,3,3,991
100.0,SO,1,3,991
100.0,SO,2,3,991
,SO,3,3,991
80.0,NO,1,4,991
40.0,NO,2,4,991
35.0,NO,3,4,991
62.5,DO,1,4,991
37.5,DO,2,4,991
50.0,DO,3,4,991
90.9090909090909,SO,1,4,991
40.0,SO,2,4,991
33.333333333333336,SO,3,4,991
70.0,NO,1,5,991
50.0,NO,2,5,991
70.0,NO,3,5,991
100.0,DO,1,5,991
71.42857142857143,DO,2,5,991
40.0,DO,3,5,991
100.0,SO,1,5,991
22.22222222222222,SO,2,5,991
0.0,SO,3,5,991
70.0,NO,1,6,991
60.0,NO,2,6,991
65.0,NO,3,6,991
86.66666666666667,DO,1,6,991
20.0,DO,2,6,991
50.0,DO,3,6,991
85.71428571428571,SO,1,6,991
62.5,SO,2,6,991
100.0,SO,3,6,991
75.0,NO,1,7,991
40.0,NO,2,7,991
50.0,NO,3,7,991
100.0,DO,1,7,991
33.333333333333336,DO,2,7,991
88.88888888888889,DO,3,7,991
100.0,SO,1,7,991
37.5,SO,2,7,991
80.0,SO,3,7,991
80.0,NO,1,8,991
40.0,NO,2,8,991
55.0,NO,3,8,991
55.55555555555556,DO,1,8,991
25.0,DO,2,8,991
62.5,DO,3,8,991
100.0,SO,1,8,991
60.0,SO,2,8,991
88.88888888888889,SO,3,8,991
70.0,NO,1,9,991
55.0,NO,2,9,991
40.0,NO,3,9,991
100.0,DO,1,9,991
23.076923076923077,DO,2,9,991
50.0,DO,3,9,991
64.28571428571429,SO,1,9,991
46.15384615384615,SO,2,9,991
16.666666666666668,SO,3,9,991
95.0,NO,1,10,991
65.0,NO,2,10,991
45.0,NO,3,10,991
100.0,DO,1,10,991
43.75,DO,2,10,991
25.0,DO,3,10,991
100.0,SO,1,10,991
57.142857142857146,SO,2,10,991
37.5,SO,3,10,991
95.0,NO,1,11,991
60.0,NO,2,11,991
40.0,NO,3,11,991
92.3076923076923,DO,1,11,991
66.66666666666667,DO,2,11,991
18.181818181818183,DO,3,11,991
100.0,SO,1,11,991
41.666666666666664,SO,2,11,991
0.0,SO,3,11,991
95.0,NO,1,12,991
80.0,NO,2,12,991
70.0,NO,3,12,991
88.88888888888889,DO,1,12,991
91.66666666666667,DO,2,12,991
100.0,DO,3,12,991
100.0,SO,1,12,991
87.5,SO,2,12,991
66.66666666666667,SO,3,12,991
85.0,NO,1,13,991
60.0,NO,2,13,991
30.0,NO,3,13,991
100.0,DO,1,13,991
16.666666666666668,DO,2,13,991
16.666666666666668,DO,3,13,991
100.0,SO,1,13,991
57.142857142857146,SO,2,13,991
37.5,SO,3,13,991
80.0,NO,1,14,991
85.0,NO,2,14,991
75.0,NO,3,14,991
93.75,DO,1,14,991
100.0,DO,2,14,991
75.0,DO,3,14,991
100.0,SO,1,14,991
92.3076923076923,SO,2,14,991
75.0,SO,3,14,991
95.0,NO,1,15,991
40.0,NO,2,15,991
90.0,NO,3,15,991
92.3076923076923,DO,1,15,991
50.0,DO,2,15,991
0.0,DO,3,15,991
92.85714285714286,SO,1,15,991
28.571428571428573,SO,2,15,991
90.0,SO,3,15,991
85.0,NO,1,16,991
70.0,NO,2,16,991
45.0,NO,3,16,991
100.0,DO,1,16,991
100.0,DO,2,16,991
50.0,DO,3,16,991
100.0,SO,1,16,991
92.3076923076923,SO,2,16,991
16.666666666666668,SO,3,16,991
85.0,NO,1,17,991
60.0,NO,2,17,991
35.0,NO,3,17,991
100.0,DO,1,17,991
100.0,DO,2,17,991
25.0,DO,3,17,991
93.75,SO,1,17,991
77.77777777777777,SO,2,17,991
45.45454545454545,SO,3,17,991
90.0,NO,1,18,991
75.0,NO,2,18,991
55.0,NO,3,18,991
100.0,DO,1,18,991
100.0,DO,2,18,991
42.857142857142854,DO,3,18,991
100.0,SO,1,18,991
90.9090909090909,SO,2,18,991
20.0,SO,3,18,991
95.0,NO,1,19,991
80.0,NO,2,19,991
55.0,NO,3,19,991
100.0,DO,1,19,991
90.9090909090909,DO,2,19,991
33.333333333333336,DO,3,19,991
94.44444444444444,SO,1,19,991
94.11764705882354,SO,2,19,991
57.142857142857146,SO,3,19,991
95.0,NO,1,20,991
95.0,NO,2,20,991
40.0,NO,3,20,991
100.0,DO,1,20,991
100.0,DO,2,20,991
57.142857142857146,DO,3,20,991
100.0,SO,1,20,991
100.0,SO,2,20,991
83.33333333333333,SO,3,20,991
90.0,NO,1,1,992
35.0,NO,2,1,992
45.0,NO,3,1,992
81.25,DO,1,1,992
46.15384615384615,DO,2,1,992
33.333333333333336,DO,3,1,992
86.66666666666667,SO,1,1,992
69.23076923076923,SO,2,1,992
53.84615384615385,SO,3,1,992
75.0,NO,1,2,992
65.0,NO,2,2,992
40.0,NO,3,2,992
100.0,DO,1,2,992
100.0,DO,2,2,992
50.0,DO,3,2,992
100.0,SO,1,2,992
100.0,SO,2,2,992
50.0,SO,3,2,992
50.0,NO,1,3,992
65.0,NO,2,3,992
50.0,NO,3,3,992
70.58823529411765,DO,1,3,992
35.714285714285715,DO,2,3,992
50.0,DO,3,3,992
50.0,SO,1,3,992
27.272727272727273,SO,2,3,992
25.0,SO,3,3,992
95.0,NO,1,4,992
50.0,NO,2,4,992
50.0,NO,3,4,992
88.23529411764706,DO,1,4,992
40.0,DO,2,4,992
37.5,DO,3,4,992
92.85714285714286,SO,1,4,992
33.333333333333336,SO,2,4,992
58.333333333333336,SO,3,4,992
85.0,NO,1,5,992
55.0,NO,2,5,992
50.0,NO,3,5,992
87.5,DO,1,5,992
56.25,DO,2,5,992
46.666666666666664,DO,3,5,992
90.0,SO,1,5,992
90.0,SO,2,5,992
75.0,SO,3,5,992
60.0,NO,1,6,992
45.0,NO,2,6,992
60.0,NO,3,6,992
100.0,DO,1,6,992
73.33333333333333,DO,2,6,992
50.0,DO,3,6,992
0.0,SO,1,6,992
,SO,2,6,992
100.0,SO,3,6,992
85.0,NO,1,7,992
40.0,NO,2,7,992
55.0,NO,3,7,992
78.57142857142857,DO,1,7,992
43.75,DO,2,7,992
25.0,DO,3,7,992
69.23076923076923,SO,1,7,992
68.75,SO,2,7,992
30.0,SO,3,7,992
100.0,NO,1,8,992
50.0,NO,2,8,992
65.0,NO,3,8,992
88.88888888888889,DO,1,8,992
44.44444444444444,DO,2,8,992
36.36363636363637,DO,3,8,992
94.44444444444444,SO,1,8,992
37.5,SO,2,8,992
44.44444444444444,SO,3,8,992
80.0,NO,1,9,992
55.0,NO,2,9,992
50.0,NO,3,9,992
82.3529411764706,DO,1,9,992
53.333333333333336,DO,2,9,992
42.857142857142854,DO,3,9,992
100.0,SO,1,9,992
50.0,SO,2,9,992
58.333333333333336,SO,3,9,992
80.0,NO,1,10,992
50.0,NO,2,10,992
40.0,NO,3,10,992
93.75,DO,1,10,992
66.66666666666667,DO,2,10,992
50.0,DO,3,10,992
75.0,SO,1,10,992
60.0,SO,2,10,992
25.0,SO,3,10,992
100.0,NO,1,11,992
65.0,NO,2,11,992
35.0,NO,3,11,992
85.0,DO,1,11,992
66.66666666666667,DO,2,11,992
50.0,DO,3,11,992
92.85714285714286,SO,1,11,992
84.61538461538461,SO,2,11,992
63.63636363636363,SO,3,11,992
65.0,NO,1,12,992
65.0,NO,2,12,992
40.0,NO,3,12,992
100.0,DO,1,12,992
38.46153846153846,DO,2,12,992
30.0,DO,3,12,992
81.25,SO,1,12,992
42.857142857142854,SO,2,12,992
46.15384615384615,SO,3,12,992
90.0,NO,1,13,992
65.0,NO,2,13,992
65.0,NO,3,13,992
70.58823529411765,DO,1,13,992
37.5,DO,2,13,992
64.28571428571429,DO,3,13,992
88.88888888888889,SO,1,13,992
63.63636363636363,SO,2,13,992
86.66666666666667,SO,3,13,992
100.0,NO,1,14,992
100.0,NO,2,14,992
50.0,NO,3,14,992
89.47368421052632,DO,1,14,992
82.3529411764706,DO,2,14,992
40.0,DO,3,14,992
100.0,SO,1,14,992
80.0,SO,2,14,992
66.66666666666667,SO,3,14,992
85.0,NO,1,15,992
60.0,NO,2,15,992
50.0,NO,3,15,992
66.66666666666667,DO,1,15,992
81.81818181818181,DO,2,15,992
62.5,DO,3,15,992
92.85714285714286,SO,1,15,992
69.23076923076923,SO,2,15,992
50.0,SO,3,15,992
70.0,NO,1,16,992
50.0,NO,2,16,992
65.0,NO,3,16,992
94.11764705882354,DO,1,16,992
50.0,DO,2,16,992
44.44444444444444,DO,3,16,992
78.57142857142857,SO,1,16,992
62.5,SO,2,16,992
83.33333333333333,SO,3,16,992
95.0,NO,1,17,992
60.0,NO,2,17,992
50.0,NO,3,17,992
90.0,DO,1,17,992
73.33333333333333,DO,2,17,992
46.666666666666664,DO,3,17,992
85.71428571428571,SO,1,17,992
90.0,SO,2,17,992
40.0,SO,3,17,992
90.0,NO,1,18,992
75.0,NO,2,18,992
50.0,NO,3,18,992
100.0,DO,1,18,992
85.71428571428571,DO,2,18,992
62.5,DO,3,18,992
100.0,SO,1,18,992
100.0,SO,2,18,992
50.0,SO,3,18,992
80.0,NO,1,19,992
55.0,NO,2,19,992
70.0,NO,3,19,992
100.0,DO,1,19,992
50.0,DO,2,19,992
62.5,DO,3,19,992
100.0,SO,1,19,992
31.25,SO,2,19,992
58.333333333333336,SO,3,19,992
100.0,NO,1,20,992
95.0,NO,2,20,992
50.0,NO,3,20,992
100.0,DO,1,20,992
92.3076923076923,DO,2,20,992
60.0,DO,3,20,992
94.11764705882354,SO,1,20,992
100.0,SO,2,20,992
75.0,SO,3,20,992
70.0,NO,1,1,993
40.0,NO,2,1,993
45.0,NO,3,1,993
78.57142857142857,DO,1,1,993
38.46153846153846,DO,2,1,993
50.0,DO,3,1,993
91.66666666666667,SO,1,1,993
12.5,SO,2,1,993
53.333333333333336,SO,3,1,993
75.0,NO,1,2,993
55.0,NO,2,2,993
35.0,NO,3,2,993
87.5,DO,1,2,993
42.10526315789474,DO,2,2,993
52.94117647058823,DO,3,2,993
58.8235294117647,SO,1,2,993
33.333333333333336,SO,2,2,993
46.666666666666664,SO,3,2,993
90.0,NO,1,3,993
55.0,NO,2,3,993
75.0,NO,3,3,993
100.0,DO,1,3,993
41.666666666666664,DO,2,3,993
61.111111111111114,DO,3,3,993
86.66666666666667,SO,1,3,993
63.63636363636363,SO,2,3,993
81.81818181818181,SO,3,3,993
85.0,NO,1,4,993
50.0,NO,2,4,993
35.0,NO,3,4,993
88.23529411764706,DO,1,4,993
56.25,DO,2,4,993
29.41176470588235,DO,3,4,993
93.75,SO,1,4,993
66.66666666666667,SO,2,4,993
50.0,SO,3,4,993
85.0,NO,1,5,993
50.0,NO,2,5,993
40.0,NO,3,5,993
100.0,DO,1,5,993
42.10526315789474,DO,2,5,993
27.77777777777778,DO,3,5,993
93.33333333333333,SO,1,5,993
55.55555555555556,SO,2,5,993
38.888888888888886,SO,3,5,993
70.0,NO,1,6,993
50.0,NO,2,6,993
60.0,NO,3,6,993
93.75,DO,1,6,993
60.0,DO,2,6,993
53.333333333333336,DO,3,6,993
93.75,SO,1,6,993
46.15384615384615,SO,2,6,993
30.76923076923077,SO,3,6,993
90.0,NO,1,7,993
75.0,NO,2,7,993
30.0,NO,3,7,993
100.0,DO,1,7,993
68.42105263157895,DO,2,7,993
44.44444444444444,DO,3,7,993
81.25,SO,1,7,993
86.66666666666667,SO,2,7,993
45.45454545454545,SO,3,7,993
90.0,NO,1,8,993
60.0,NO,2,8,993
65.0,NO,3,8,993
93.33333333333333,DO,1,8,993
73.6842105263158,DO,2,8,993
31.25,DO,3,8,993
93.75,SO,1,8,993
46.666666666666664,SO,2,8,993
62.5,SO,3,8,993
85.0,NO,1,9,993
50.0,NO,2,9,993
45.0,NO,3,9,993
95.0,DO,1,9,993
58.8235294117647,DO,2,9,993
22.22222222222222,DO,3,9,993
88.88888888888889,SO,1,9,993
40.0,SO,2,9,993
37.5,SO,3,9,993
95.0,NO,1,10,993
65.0,NO,2,10,993
50.0,NO,3,10,993
100.0,DO,1,10,993
72.22222222222223,DO,2,10,993
47.05882352941177,DO,3,10,993
88.23529411764706,SO,1,10,993
57.142857142857146,SO,2,10,993
43.75,SO,3,10,993
95.0,NO,1,11,993
50.0,NO,2,11,993
50.0,NO,3,11,993
94.73684210526316,DO,1,11,993
47.05882352941177,DO,2,11,993
35.0,DO,3,11,993
100.0,SO,1,11,993
69.23076923076923,SO,2,11,993
15.384615384615385,SO,3,11,993
75.0,NO,1,12,993
30.0,NO,2,12,993
50.0,NO,3,12,993
100.0,DO,1,12,993
46.666666666666664,DO,2,12,993
36.8421052631579,DO,3,12,993
64.70588235294117,SO,1,12,993
50.0,SO,2,12,993
47.05882352941177,SO,3,12,993
80.0,NO,1,13,993
50.0,NO,2,13,993
55.0,NO,3,13,993
86.66666666666667,DO,1,13,993
55.55555555555556,DO,2,13,993
70.0,DO,3,13,993
72.22222222222223,SO,1,13,993
37.5,SO,2,13,993
46.15384615384615,SO,3,13,993
90.0,NO,1,14,993
40.0,NO,2,14,993
55.0,NO,3,14,993
93.75,DO,1,14,993
75.0,DO,2,14,993
72.72727272727273,DO,3,14,993
89.47368421052632,SO,1,14,993
80.0,SO,2,14,993
87.5,SO,3,14,993
90.0,NO,1,15,993
70.0,NO,2,15,993
60.0,NO,3,15,993
100.0,DO,1,15,993
100.0,DO,2,15,993
46.15384615384615,DO,3,15,993
94.44444444444444,SO,1,15,993
85.71428571428571,SO,2,15,993
46.15384615384615,SO,3,15,993
95.0,NO,1,16,993
70.0,NO,2,16,993
40.0,NO,3,16,993
100.0,DO,1,16,993
64.70588235294117,DO,2,16,993
57.142857142857146,DO,3,16,993
85.71428571428571,SO,1,16,993
73.33333333333333,SO,2,16,993
33.333333333333336,SO,3,16,993
100.0,NO,1,17,993
55.0,NO,2,17,993
45.0,NO,3,17,993
94.73684210526316,DO,1,17,993
20.0,DO,2,17,993
60.0,DO,3,17,993
89.47368421052632,SO,1,17,993
58.333333333333336,SO,2,17,993
50.0,SO,3,17,993
80.0,NO,1,18,993
40.0,NO,2,18,993
30.0,NO,3,18,993
83.33333333333333,DO,1,18,993
16.666666666666668,DO,2,18,993
27.272727272727273,DO,3,18,993
93.75,SO,1,18,993
58.8235294117647,SO,2,18,993
22.22222222222222,SO,3,18,993
100.0,NO,1,19,993
90.0,NO,2,19,993
55.0,NO,3,19,993
100.0,DO,1,19,993
95.0,DO,2,19,993
38.46153846153846,DO,3,19,993
100.0,SO,1,19,993
100.0,SO,2,19,993
38.46153846153846,SO,3,19,993
95.0,NO,1,20,993
85.0,NO,2,20,993
55.0,NO,3,20,993
100.0,DO,1,20,993
100.0,DO,2,20,993
38.46153846153846,DO,3,20,993
100.0,SO,1,20,993
100.0,SO,2,20,993
60.0,SO,3,20,993
90.0,NO,1,1,994
90.0,NO,2,1,994
45.0,NO,3,1,994
94.44444444444444,DO,1,1,994
100.0,DO,2,1,994
71.42857142857143,DO,3,1,994
100.0,SO,1,1,994
100.0,SO,2,1,994
57.142857142857146,SO,3,1,994
75.0,NO,1,2,994
70.0,NO,2,2,994
75.0,NO,3,2,994
85.71428571428571,DO,1,2,994
66.66666666666667,DO,2,2,994
87.5,DO,3,2,994
100.0,SO,1,2,994
27.272727272727273,SO,2,2,994
81.81818181818181,SO,3,2,994
85.0,NO,1,3,994
60.0,NO,2,3,994
65.0,NO,3,3,994
83.33333333333333,DO,1,3,994
50.0,DO,2,3,994
75.0,DO,3,3,994
87.5,SO,1,3,994
33.333333333333336,SO,2,3,994
75.0,SO,3,3,994
95.0,NO,1,4,994
70.0,NO,2,4,994
65.0,NO,3,4,994
94.11764705882354,DO,1,4,994
66.66666666666667,DO,2,4,994
62.5,DO,3,4,994
100.0,SO,1,4,994
50.0,SO,2,4,994
62.5,SO,3,4,994
90.0,NO,1,5,994
85.0,NO,2,5,994
50.0,NO,3,5,994
100.0,DO,1,5,994
92.85714285714286,DO,2,5,994
87.5,DO,3,5,994
94.73684210526316,SO,1,5,994
100.0,SO,2,5,994
30.0,SO,3,5,994
90.0,NO,1,6,994
50.0,NO,2,6,994
35.0,NO,3,6,994
94.11764705882354,DO,1,6,994
54.54545454545455,DO,2,6,994
42.857142857142854,DO,3,6,994
88.23529411764706,SO,1,6,994
62.5,SO,2,6,994
50.0,SO,3,6,994
90.0,NO,1,7,994
45.0,NO,2,7,994
45.0,NO,3,7,994
100.0,DO,1,7,994
44.44444444444444,DO,2,7,994
57.142857142857146,DO,3,7,994
94.11764705882354,SO,1,7,994
50.0,SO,2,7,994
71.42857142857143,SO,3,7,994
95.0,NO,1,8,994
50.0,NO,2,8,994
65.0,NO,3,8,994
94.11764705882354,DO,1,8,994
80.0,DO,2,8,994
41.666666666666664,DO,3,8,994
94.11764705882354,SO,1,8,994
25.0,SO,2,8,994
75.0,SO,3,8,994
100.0,NO,1,9,994
40.0,NO,2,9,994
65.0,NO,3,9,994
100.0,DO,1,9,994
40.0,DO,2,9,994
30.0,DO,3,9,994
100.0,SO,1,9,994
75.0,SO,2,9,994
44.44444444444444,SO,3,9,994
100.0,NO,1,10,994
80.0,NO,2,10,994
65.0,NO,3,10,994
100.0,DO,1,10,994
100.0,DO,2,10,994
75.0,DO,3,10,994
100.0,SO,1,10,994
91.66666666666667,SO,2,10,994
42.857142857142854,SO,3,10,994
90.0,NO,1,11,994
45.0,NO,2,11,994
40.0,NO,3,11,994
100.0,DO,1,11,994
38.46153846153846,DO,2,11,994
50.0,DO,3,11,994
88.23529411764706,SO,1,11,994
61.53846153846154,SO,2,11,994
80.0,SO,3,11,994
100.0,NO,1,12,994
85.0,NO,2,12,994
60.0,NO,3,12,994
100.0,DO,1,12,994
100.0,DO,2,12,994
88.88888888888889,DO,3,12,994
100.0,SO,1,12,994
100.0,SO,2,12,994
66.66666666666667,SO,3,12,994
90.0,NO,1,13,994
45.0,NO,2,13,994
45.0,NO,3,13,994
100.0,DO,1,13,994
40.0,DO,2,13,994
57.142857142857146,DO,3,13,994
92.85714285714286,SO,1,13,994
26.666666666666668,SO,2,13,994
66.66666666666667,SO,3,13,994
90.0,NO,1,14,994
70.0,NO,2,14,994
50.0,NO,3,14,994
94.11764705882354,DO,1,14,994
93.75,DO,2,14,994
55.55555555555556,DO,3,14,994
100.0,SO,1,14,994
87.5,SO,2,14,994
33.333333333333336,SO,3,14,994
85.0,NO,1,15,994
45.0,NO,2,15,994
25.0,NO,3,15,994
91.66666666666667,DO,1,15,994
53.84615384615385,DO,2,15,994
23.076923076923077,DO,3,15,994
100.0,SO,1,15,994
57.142857142857146,SO,2,15,994
20.0,SO,3,15,994
100.0,NO,1,16,994
85.0,NO,2,16,994
30.0,NO,3,16,994
100.0,DO,1,16,994
94.11764705882354,DO,2,16,994
36.36363636363637,DO,3,16,994
94.44444444444444,SO,1,16,994
94.44444444444444,SO,2,16,994
28.571428571428573,SO,3,16,994
100.0,NO,1,17,994
90.0,NO,2,17,994
55.0,NO,3,17,994
100.0,DO,1,17,994
100.0,DO,2,17,994
50.0,DO,3,17,994
100.0,SO,1,17,994
92.85714285714286,SO,2,17,994
37.5,SO,3,17,994
95.0,NO,1,18,994
50.0,NO,2,18,994
75.0,NO,3,18,994
100.0,DO,1,18,994
61.53846153846154,DO,2,18,994
46.15384615384615,DO,3,18,994
100.0,SO,1,18,994
60.0,SO,2,18,994
81.81818181818181,SO,3,18,994
85.0,NO,1,19,994
55.0,NO,2,19,994
40.0,NO,3,19,994
100.0,DO,1,19,994
58.8235294117647,DO,2,19,994
30.0,DO,3,19,994
100.0,SO,1,19,994
46.15384615384615,SO,2,19,994
0.0,SO,3,19,994
95.0,NO,1,20,994
85.0,NO,2,20,994
55.0,NO,3,20,994
100.0,DO,1,20,994
93.33333333333333,DO,2,20,994
33.333333333333336,DO,3,20,994
100.0,SO,1,20,994
100.0,SO,2,20,994
75.0,SO,3,20,994
65.0,NO,1,1,995
60.0,NO,2,1,995
60.0,NO,3,1,995
75.0,DO,1,1,995
50.0,DO,2,1,995
50.0,DO,3,1,995
95.0,SO,1,1,995
55.0,SO,2,1,995
58.8235294117647,SO,3,1,995
60.0,NO,1,2,995
55.0,NO,2,2,995
70.0,NO,3,2,995
85.0,DO,1,2,995
35.0,DO,2,2,995
45.0,DO,3,2,995
85.0,SO,1,2,995
55.0,SO,2,2,995
65.0,SO,3,2,995
90.0,NO,1,3,995
80.0,NO,2,3,995
55.0,NO,3,3,995
85.0,DO,1,3,995
80.0,DO,2,3,995
45.0,DO,3,3,995
85.0,SO,1,3,995
80.0,SO,2,3,995
65.0,SO,3,3,995
75.0,NO,1,4,995
60.0,NO,2,4,995
25.0,NO,3,4,995
75.0,DO,1,4,995
45.0,DO,2,4,995
20.0,DO,3,4,995
55.55555555555556,SO,1,4,995
35.0,SO,2,4,995
60.0,SO,3,4,995
85.0,NO,1,5,995
75.0,NO,2,5,995
55.0,NO,3,5,995
95.0,DO,1,5,995
85.0,DO,2,5,995
45.0,DO,3,5,995
89.47368421052632,SO,1,5,995
65.0,SO,2,5,995
25.0,SO,3,5,995
95.0,NO,1,6,995
40.0,NO,2,6,995
40.0,NO,3,6,995
85.0,DO,1,6,995
65.0,DO,2,6,995
45.0,DO,3,6,995
100.0,SO,1,6,995
25.0,SO,2,6,995
100.0,SO,3,6,995
75.0,NO,1,7,995
40.0,NO,2,7,995
45.0,NO,3,7,995
50.0,DO,1,7,995
45.0,DO,2,7,995
45.0,DO,3,7,995
85.71428571428571,SO,1,7,995
42.857142857142854,SO,2,7,995
18.181818181818183,SO,3,7,995
70.0,NO,1,8,995
55.0,NO,2,8,995
55.0,NO,3,8,995
90.0,DO,1,8,995
80.0,DO,2,8,995
55.0,DO,3,8,995
100.0,SO,1,8,995
72.72727272727273,SO,2,8,995
60.0,SO,3,8,995
95.0,NO,1,9,995
85.0,NO,2,9,995
40.0,NO,3,9,995
90.0,DO,1,9,995
90.0,DO,2,9,995
40.0,DO,3,9,995
100.0,SO,1,9,995
100.0,SO,2,9,995
20.0,SO,3,9,995
80.0,NO,1,10,995
65.0,NO,2,10,995
45.0,NO,3,10,995
80.0,DO,1,10,995
75.0,DO,2,10,995
45.0,DO,3,10,995
100.0,SO,1,10,995
69.23076923076923,SO,2,10,995
50.0,SO,3,10,995
100.0,NO,1,11,995
30.0,NO,2,11,995
75.0,NO,3,11,995
85.0,DO,1,11,995
65.0,DO,2,11,995
75.0,DO,3,11,995
94.11764705882354,SO,1,11,995
50.0,SO,2,11,995
55.55555555555556,SO,3,11,995
85.0,NO,1,12,995
80.0,NO,2,12,995
45.0,NO,3,12,995
95.0,DO,1,12,995
85.0,DO,2,12,995
45.0,DO,3,12,995
88.23529411764706,SO,1,12,995
90.9090909090909,SO,2,12,995
55.55555555555556,SO,3,12,995
85.0,NO,1,13,995
50.0,NO,2,13,995
45.0,NO,3,13,995
80.0,DO,1,13,995
50.0,DO,2,13,995
40.0,DO,3,13,995
86.66666666666667,SO,1,13,995
45.45454545454545,SO,2,13,995
42.857142857142854,SO,3,13,995
90.0,NO,1,14,995
90.0,NO,2,14,995
30.0,NO,3,14,995
90.0,DO,1,14,995
75.0,DO,2,14,995
45.0,DO,3,14,995
94.11764705882354,SO,1,14,995
100.0,SO,2,14,995
66.66666666666667,SO,3,14,995
95.0,NO,1,15,995
80.0,NO,2,15,995
55.0,NO,3,15,995
94.73684210526316,DO,1,15,995
94.44444444444444,DO,2,15,995
60.0,DO,3,15,995
92.85714285714286,SO,1,15,995
100.0,SO,2,15,995
0.0,SO,3,15,995
95.0,NO,1,16,995
85.0,NO,2,16,995
35.0,NO,3,16,995
95.0,DO,1,16,995
95.0,DO,2,16,995
55.0,DO,3,16,995
66.66666666666667,SO,1,16,995
63.63636363636363,SO,2,16,995
60.0,SO,3,16,995
85.0,NO,1,17,995
80.0,NO,2,17,995
50.0,NO,3,17,995
95.0,DO,1,17,995
82.3529411764706,DO,2,17,995
38.888888888888886,DO,3,17,995
100.0,SO,1,17,995
100.0,SO,2,17,995
66.66666666666667,SO,3,17,995
95.0,NO,1,18,995
85.0,NO,2,18,995
40.0,NO,3,18,995
100.0,DO,1,18,995
84.61538461538461,DO,2,18,995
75.0,DO,3,18,995
100.0,SO,1,18,995
100.0,SO,2,18,995
33.333333333333336,SO,3,18,995
100.0,NO,1,19,995
50.0,NO,2,19,995
45.0,NO,3,19,995
89.47368421052632,DO,1,19,995
55.55555555555556,DO,2,19,995
72.72727272727273,DO,3,19,995
100.0,SO,1,19,995
66.66666666666667,SO,2,19,995
100.0,SO,3,19,995
95.0,NO,1,20,995
75.0,NO,2,20,995
55.0,NO,3,20,995
90.0,DO,1,20,995
72.22222222222223,DO,2,20,995
38.46153846153846,DO,3,20,995
92.85714285714286,SO,1,20,995
83.33333333333333,SO,2,20,995
58.333333333333336,SO,3,20,995
90.0,NO,1,1,996
55.0,NO,2,1,996
45.0,NO,3,1,996
90.0,DO,1,1,996
50.0,DO,2,1,996
30.0,DO,3,1,996
80.0,SO,1,1,996
57.142857142857146,SO,2,1,996
46.15384615384615,SO,3,1,996
80.0,NO,1,2,996
60.0,NO,2,2,996
55.0,NO,3,2,996
87.5,DO,1,2,996
60.0,DO,2,2,996
35.714285714285715,DO,3,2,996
84.21052631578948,SO,1,2,996
37.5,SO,2,2,996
28.571428571428573,SO,3,2,996
85.0,NO,1,3,996
50.0,NO,2,3,996
45.0,NO,3,3,996
70.58823529411765,DO,1,3,996
68.75,DO,2,3,996
50.0,DO,3,3,996
89.47368421052632,SO,1,3,996
38.46153846153846,SO,2,3,996
28.571428571428573,SO,3,3,996
80.0,NO,1,4,996
55.0,NO,2,4,996
35.0,NO,3,4,996
66.66666666666667,DO,1,4,996
71.42857142857143,DO,2,4,996
36.36363636363637,DO,3,4,996
83.33333333333333,SO,1,4,996
46.666666666666664,SO,2,4,996
73.33333333333333,SO,3,4,996
90.0,NO,1,5,996
55.0,NO,2,5,996
50.0,NO,3,5,996
94.73684210526316,DO,1,5,996
62.5,DO,2,5,996
47.36842105263158,DO,3,5,996
90.0,SO,1,5,996
61.111111111111114,SO,2,5,996
66.66666666666667,SO,3,5,996
95.0,NO,1,6,996
60.0,NO,2,6,996
20.0,NO,3,6,996
95.0,DO,1,6,996
78.94736842105263,DO,2,6,996
17.647058823529413,DO,3,6,996
95.0,SO,1,6,996
61.53846153846154,SO,2,6,996
38.46153846153846,SO,3,6,996
100.0,NO,1,7,996
35.0,NO,2,7,996
45.0,NO,3,7,996
95.0,DO,1,7,996
29.41176470588235,DO,2,7,996
42.10526315789474,DO,3,7,996
100.0,SO,1,7,996
60.0,SO,2,7,996
50.0,SO,3,7,996
95.0,NO,1,8,996
50.0,NO,2,8,996
45.0,NO,3,8,996
100.0,DO,1,8,996
36.8421052631579,DO,2,8,996
68.42105263157895,DO,3,8,996
100.0,SO,1,8,996
33.333333333333336,SO,2,8,996
22.22222222222222,SO,3,8,996
80.0,NO,1,9,996
70.0,NO,2,9,996
30.0,NO,3,9,996
94.44444444444444,DO,1,9,996
35.294117647058826,DO,2,9,996
42.10526315789474,DO,3,9,996
94.73684210526316,SO,1,9,996
75.0,SO,2,9,996
33.333333333333336,SO,3,9,996
100.0,NO,1,10,996
55.0,NO,2,10,996
45.0,NO,3,10,996
100.0,DO,1,10,996
63.1578947368421,DO,2,10,996
33.333333333333336,DO,3,10,996
100.0,SO,1,10,996
50.0,SO,2,10,996
50.0,SO,3,10,996
80.0,NO,1,11,996
65.0,NO,2,11,996
50.0,NO,3,11,996
89.47368421052632,DO,1,11,996
72.22222222222223,DO,2,11,996
56.25,DO,3,11,996
83.33333333333333,SO,1,11,996
50.0,SO,2,11,996
46.15384615384615,SO,3,11,996
100.0,NO,1,12,996
60.0,NO,2,12,996
35.0,NO,3,12,996
100.0,DO,1,12,996
55.55555555555556,DO,2,12,996
63.63636363636363,DO,3,12,996
100.0,SO,1,12,996
50.0,SO,2,12,996
40.0,SO,3,12,996
95.0,NO,1,13,996
65.0,NO,2,13,996
45.0,NO,3,13,996
100.0,DO,1,13,996
36.36363636363637,DO,2,13,996
25.0,DO,3,13,996
95.0,SO,1,13,996
50.0,SO,2,13,996
23.076923076923077,SO,3,13,996
85.0,NO,1,14,996
75.0,NO,2,14,996
25.0,NO,3,14,996
100.0,DO,1,14,996
92.85714285714286,DO,2,14,996
50.0,DO,3,14,996
89.47368421052632,SO,1,14,996
88.23529411764706,SO,2,14,996
35.294117647058826,SO,3,14,996
100.0,NO,1,15,996
65.0,NO,2,15,996
45.0,NO,3,15,996
100.0,DO,1,15,996
63.1578947368421,DO,2,15,996
14.285714285714286,DO,3,15,996
100.0,SO,1,15,996
55.0,SO,2,15,996
55.55555555555556,SO,3,15,996
95.0,NO,1,16,996
60.0,NO,2,16,996
70.0,NO,3,16,996
100.0,DO,1,16,996
52.94117647058823,DO,2,16,996
66.66666666666667,DO,3,16,996
100.0,SO,1,16,996
14.285714285714286,SO,2,16,996
85.71428571428571,SO,3,16,996
100.0,NO,1,17,996
100.0,NO,2,17,996
60.0,NO,3,17,996
100.0,DO,1,17,996
95.0,DO,2,17,996
33.333333333333336,DO,3,17,996
100.0,SO,1,17,996
100.0,SO,2,17,996
43.75,SO,3,17,996
85.0,NO,1,18,996
90.0,NO,2,18,996
35.0,NO,3,18,996
100.0,DO,1,18,996
94.73684210526316,DO,2,18,996
18.75,DO,3,18,996
100.0,SO,1,18,996
94.44444444444444,SO,2,18,996
43.75,SO,3,18,996
100.0,NO,1,19,996
100.0,NO,2,19,996
45.0,NO,3,19,996
100.0,DO,1,19,996
95.0,DO,2,19,996
25.0,DO,3,19,996
100.0,SO,1,19,996
95.0,SO,2,19,996
46.15384615384615,SO,3,19,996
85.0,NO,1,20,996
60.0,NO,2,20,996
55.0,NO,3,20,996
78.94736842105263,DO,1,20,996
87.5,DO,2,20,996
42.857142857142854,DO,3,20,996
89.47368421052632,SO,1,20,996
68.75,SO,2,20,996
77.77777777777777,SO,3,20,996
90.0,NO,1,1,997
75.0,NO,2,1,997
30.0,NO,3,1,997
100.0,DO,1,1,997
86.66666666666667,DO,2,1,997
42.857142857142854,DO,3,1,997
94.11764705882354,SO,1,1,997
93.75,SO,2,1,997
25.0,SO,3,1,997
85.0,NO,1,2,997
60.0,NO,2,2,997
40.0,NO,3,2,997
90.0,DO,1,2,997
50.0,DO,2,2,997
50.0,DO,3,2,997
83.33333333333333,SO,1,2,997
53.84615384615385,SO,2,2,997
46.15384615384615,SO,3,2,997
70.0,NO,1,3,997
65.0,NO,2,3,997
40.0,NO,3,3,997
100.0,DO,1,3,997
88.88888888888889,DO,2,3,997
21.428571428571427,DO,3,3,997
95.0,SO,1,3,997
77.77777777777777,SO,2,3,997
14.285714285714286,SO,3,3,997
95.0,NO,1,4,997
75.0,NO,2,4,997
45.0,NO,3,4,997
63.1578947368421,DO,1,4,997
73.6842105263158,DO,2,4,997
75.0,DO,3,4,997
85.0,SO,1,4,997
70.58823529411765,SO,2,4,997
53.333333333333336,SO,3,4,997
90.0,NO,1,5,997
35.0,NO,2,5,997
55.0,NO,3,5,997
73.6842105263158,DO,1,5,997
63.1578947368421,DO,2,5,997
52.94117647058823,DO,3,5,997
88.88888888888889,SO,1,5,997
50.0,SO,2,5,997
47.05882352941177,SO,3,5,997
100.0,NO,1,6,997
85.0,NO,2,6,997
45.0,NO,3,6,997
100.0,DO,1,6,997
85.0,DO,2,6,997
42.10526315789474,DO,3,6,997
100.0,SO,1,6,997
94.73684210526316,SO,2,6,997
60.0,SO,3,6,997
75.0,NO,1,7,997
40.0,NO,2,7,997
55.0,NO,3,7,997
70.58823529411765,DO,1,7,997
52.63157894736842,DO,2,7,997
33.333333333333336,DO,3,7,997
95.0,SO,1,7,997
68.75,SO,2,7,997
29.41176470588235,SO,3,7,997
85.0,NO,1,8,997
55.0,NO,2,8,997
40.0,NO,3,8,997
94.11764705882354,DO,1,8,997
61.111111111111114,DO,2,8,997
56.25,DO,3,8,997
85.0,SO,1,8,997
73.33333333333333,SO,2,8,997
50.0,SO,3,8,997
100.0,NO,1,9,997
80.0,NO,2,9,997
95.0,NO,3,9,997
100.0,DO,1,9,997
75.0,DO,2,9,997
85.0,DO,3,9,997
100.0,SO,1,9,997
100.0,SO,2,9,997
85.71428571428571,SO,3,9,997
85.0,NO,1,10,997
80.0,NO,2,10,997
70.0,NO,3,10,997
78.94736842105263,DO,1,10,997
75.0,DO,2,10,997
65.0,DO,3,10,997
100.0,SO,1,10,997
89.47368421052632,SO,2,10,997
35.0,SO,3,10,997
85.0,NO,1,11,997
85.0,NO,2,11,997
55.0,NO,3,11,997
75.0,DO,1,11,997
68.42105263157895,DO,2,11,997
50.0,DO,3,11,997
94.44444444444444,SO,1,11,997
75.0,SO,2,11,997
82.3529411764706,SO,3,11,997
75.0,NO,1,12,997
35.0,NO,2,12,997
85.0,NO,3,12,997
80.0,DO,1,12,997
36.8421052631579,DO,2,12,997
80.0,DO,3,12,997
85.0,SO,1,12,997
52.94117647058823,SO,2,12,997
89.47368421052632,SO,3,12,997
100.0,NO,1,13,997
85.0,NO,2,13,997
45.0,NO,3,13,997
90.0,DO,1,13,997
100.0,DO,2,13,997
66.66666666666667,DO,3,13,997
94.73684210526316,SO,1,13,997
83.33333333333333,SO,2,13,997
31.25,SO,3,13,997
85.0,NO,1,14,997
65.0,NO,2,14,997
50.0,NO,3,14,997
63.1578947368421,DO,1,14,997
55.0,DO,2,14,997
47.36842105263158,DO,3,14,997
52.94117647058823,SO,1,14,997
66.66666666666667,SO,2,14,997
50.0,SO,3,14,997
65.0,NO,1,15,997
75.0,NO,2,15,997
50.0,NO,3,15,997
89.47368421052632,DO,1,15,997
88.23529411764706,DO,2,15,997
50.0,DO,3,15,997
100.0,SO,1,15,997
84.21052631578948,SO,2,15,997
66.66666666666667,SO,3,15,997
70.0,NO,1,16,997
55.0,NO,2,16,997
35.0,NO,3,16,997
90.0,DO,1,16,997
47.05882352941177,DO,2,16,997
33.333333333333336,DO,3,16,997
64.70588235294117,SO,1,16,997
50.0,SO,2,16,997
26.666666666666668,SO,3,16,997
100.0,NO,1,17,997
80.0,NO,2,17,997
35.0,NO,3,17,997
94.73684210526316,DO,1,17,997
88.23529411764706,DO,2,17,997
31.57894736842105,DO,3,17,997
94.73684210526316,SO,1,17,997
75.0,SO,2,17,997
33.333333333333336,SO,3,17,997
75.0,NO,1,18,997
55.0,NO,2,18,997
50.0,NO,3,18,997
73.6842105263158,DO,1,18,997
47.05882352941177,DO,2,18,997
25.0,DO,3,18,997
100.0,SO,1,18,997
50.0,SO,2,18,997
75.0,SO,3,18,997
80.0,NO,1,19,997
85.0,NO,2,19,997
45.0,NO,3,19,997
94.73684210526316,DO,1,19,997
83.33333333333333,DO,2,19,997
55.0,DO,3,19,997
76.47058823529412,SO,1,19,997
82.3529411764706,SO,2,19,997
78.57142857142857,SO,3,19,997
75.0,NO,1,20,997
45.0,NO,2,20,997
55.0,NO,3,20,997
50.0,DO,1,20,997
42.10526315789474,DO,2,20,997
26.31578947368421,DO,3,20,997
88.23529411764706,SO,1,20,997
45.0,SO,2,20,997
41.1764705882353,SO,3,20,997
100.0,NO,1,1,998
75.0,NO,2,1,998
40.0,NO,3,1,998
100.0,DO,1,1,998
100.0,DO,2,1,998
42.857142857142854,DO,3,1,998
88.23529411764706,SO,1,1,998
100.0,SO,2,1,998
36.36363636363637,SO,3,1,998
100.0,NO,1,2,998
100.0,NO,2,2,998
30.0,NO,3,2,998
100.0,DO,1,2,998
87.5,DO,2,2,998
72.72727272727273,DO,3,2,998
100.0,SO,1,2,998
85.71428571428571,SO,2,2,998
83.33333333333333,SO,3,2,998
85.0,NO,1,3,998
45.0,NO,2,3,998
40.0,NO,3,3,998
93.33333333333333,DO,1,3,998
50.0,DO,2,3,998
72.72727272727273,DO,3,3,998
83.33333333333333,SO,1,3,998
66.66666666666667,SO,2,3,998
72.72727272727273,SO,3,3,998
95.0,NO,1,4,998
40.0,NO,2,4,998
40.0,NO,3,4,998
100.0,DO,1,4,998
66.66666666666667,DO,2,4,998
38.46153846153846,DO,3,4,998
94.44444444444444,SO,1,4,998
25.0,SO,2,4,998
41.666666666666664,SO,3,4,998
95.0,NO,1,5,998
90.0,NO,2,5,998
70.0,NO,3,5,998
100.0,DO,1,5,998
100.0,DO,2,5,998
15.384615384615385,DO,3,5,998
94.73684210526316,SO,1,5,998
92.3076923076923,SO,2,5,998
50.0,SO,3,5,998
75.0,NO,1,6,998
40.0,NO,2,6,998
30.0,NO,3,6,998
80.0,DO,1,6,998
61.111111111111114,DO,2,6,998
53.333333333333336,DO,3,6,998
94.11764705882354,SO,1,6,998
60.0,SO,2,6,998
50.0,SO,3,6,998
85.0,NO,1,7,998
25.0,NO,2,7,998
60.0,NO,3,7,998
85.0,DO,1,7,998
50.0,DO,2,7,998
50.0,DO,3,7,998
92.85714285714286,SO,1,7,998
50.0,SO,2,7,998
33.333333333333336,SO,3,7,998
90.0,NO,1,8,998
25.0,NO,2,8,998
55.0,NO,3,8,998
94.73684210526316,DO,1,8,998
29.41176470588235,DO,2,8,998
35.0,DO,3,8,998
100.0,SO,1,8,998
66.66666666666667,SO,2,8,998
44.44444444444444,SO,3,8,998
85.0,NO,1,9,998
40.0,NO,2,9,998
70.0,NO,3,9,998
88.88888888888889,DO,1,9,998
50.0,DO,2,9,998
52.94117647058823,DO,3,9,998
100.0,SO,1,9,998
0.0,SO,2,9,998
33.333333333333336,SO,3,9,998
75.0,NO,1,10,998
35.0,NO,2,10,998
60.0,NO,3,10,998
94.44444444444444,DO,1,10,998
57.89473684210526,DO,2,10,998
71.42857142857143,DO,3,10,998
100.0,SO,1,10,998
30.0,SO,2,10,998
33.333333333333336,SO,3,10,998
85.0,NO,1,11,998
65.0,NO,2,11,998
50.0,NO,3,11,998
90.0,DO,1,11,998
82.3529411764706,DO,2,11,998
35.294117647058826,DO,3,11,998
100.0,SO,1,11,998
61.53846153846154,SO,2,11,998
50.0,SO,3,11,998
95.0,NO,1,12,998
45.0,NO,2,12,998
65.0,NO,3,12,998
94.44444444444444,DO,1,12,998
45.45454545454545,DO,2,12,998
38.46153846153846,DO,3,12,998
81.25,SO,1,12,998
62.5,SO,2,12,998
42.857142857142854,SO,3,12,998
90.0,NO,1,13,998
50.0,NO,2,13,998
75.0,NO,3,13,998
100.0,DO,1,13,998
53.84615384615385,DO,2,13,998
41.666666666666664,DO,3,13,998
88.23529411764706,SO,1,13,998
70.0,SO,2,13,998
60.0,SO,3,13,998
85.0,NO,1,14,998
65.0,NO,2,14,998
55.0,NO,3,14,998
92.85714285714286,DO,1,14,998
81.81818181818181,DO,2,14,998
20.0,DO,3,14,998
100.0,SO,1,14,998
100.0,SO,2,14,998
63.63636363636363,SO,3,14,998
85.0,NO,1,15,998
75.0,NO,2,15,998
45.0,NO,3,15,998
100.0,DO,1,15,998
94.73684210526316,DO,2,15,998
20.0,DO,3,15,998
100.0,SO,1,15,998
100.0,SO,2,15,998
25.0,SO,3,15,998
100.0,NO,1,16,998
80.0,NO,2,16,998
45.0,NO,3,16,998
100.0,DO,1,16,998
80.0,DO,2,16,998
69.23076923076923,DO,3,16,998
93.75,SO,1,16,998
78.57142857142857,SO,2,16,998
28.571428571428573,SO,3,16,998
100.0,NO,1,17,998
35.0,NO,2,17,998
45.0,NO,3,17,998
100.0,DO,1,17,998
64.28571428571429,DO,2,17,998
58.333333333333336,DO,3,17,998
100.0,SO,1,17,998
20.0,SO,2,17,998
50.0,SO,3,17,998
85.0,NO,1,18,998
85.0,NO,2,18,998
50.0,NO,3,18,998
100.0,DO,1,18,998
83.33333333333333,DO,2,18,998
50.0,DO,3,18,998
100.0,SO,1,18,998
81.81818181818181,SO,2,18,998
75.0,SO,3,18,998
85.0,NO,1,19,998
75.0,NO,2,19,998
60.0,NO,3,19,998
100.0,DO,1,19,998
69.23076923076923,DO,2,19,998
50.0,DO,3,19,998
100.0,SO,1,19,998
93.33333333333333,SO,2,19,998
50.0,SO,3,19,998
95.0,NO,1,20,998
75.0,NO,2,20,998
70.0,NO,3,20,998
95.0,DO,1,20,998
40.0,DO,2,20,998
52.94117647058823,DO,3,20,998
100.0,SO,1,20,998
86.66666666666667,SO,2,20,998
68.75,SO,3,20,998
100.0,NO,1,1,999
60.0,NO,2,1,999
25.0,NO,3,1,999
100.0,DO,1,1,999
55.0,DO,2,1,999
55.0,DO,3,1,999
90.0,SO,1,1,999
60.0,SO,2,1,999
45.0,SO,3,1,999
90.0,NO,1,2,999
60.0,NO,2,2,999
60.0,NO,3,2,999
95.0,DO,1,2,999
40.0,DO,2,2,999
50.0,DO,3,2,999
85.0,SO,1,2,999
60.0,SO,2,2,999
55.0,SO,3,2,999
90.0,NO,1,3,999
80.0,NO,2,3,999
60.0,NO,3,3,999
85.0,DO,1,3,999
95.0,DO,2,3,999
80.0,DO,3,3,999
95.0,SO,1,3,999
80.0,SO,2,3,999
45.0,SO,3,3,999
100.0,NO,1,4,999
75.0,NO,2,4,999
45.0,NO,3,4,999
100.0,DO,1,4,999
90.0,DO,2,4,999
45.0,DO,3,4,999
100.0,SO,1,4,999
95.0,SO,2,4,999
31.57894736842105,SO,3,4,999
80.0,NO,1,5,999
40.0,NO,2,5,999
35.0,NO,3,5,999
90.0,DO,1,5,999
35.294117647058826,DO,2,5,999
14.285714285714286,DO,3,5,999
94.11764705882354,SO,1,5,999
52.94117647058823,SO,2,5,999
26.666666666666668,SO,3,5,999
80.0,NO,1,6,999
55.0,NO,2,6,999
40.0,NO,3,6,999
65.0,DO,1,6,999
47.36842105263158,DO,2,6,999
40.0,DO,3,6,999
72.22222222222223,SO,1,6,999
44.44444444444444,SO,2,6,999
26.666666666666668,SO,3,6,999
95.0,NO,1,7,999
45.0,NO,2,7,999
35.0,NO,3,7,999
73.6842105263158,DO,1,7,999
50.0,DO,2,7,999
26.31578947368421,DO,3,7,999
100.0,SO,1,7,999
50.0,SO,2,7,999
53.84615384615385,SO,3,7,999
80.0,NO,1,8,999
40.0,NO,2,8,999
50.0,NO,3,8,999
88.88888888888889,DO,1,8,999
55.0,DO,2,8,999
55.0,DO,3,8,999
86.66666666666667,SO,1,8,999
46.666666666666664,SO,2,8,999
56.25,SO,3,8,999
90.0,NO,1,9,999
70.0,NO,2,9,999
45.0,NO,3,9,999
89.47368421052632,DO,1,9,999
89.47368421052632,DO,2,9,999
46.15384615384615,DO,3,9,999
93.75,SO,1,9,999
66.66666666666667,SO,2,9,999
54.54545454545455,SO,3,9,999
90.0,NO,1,10,999
50.0,NO,2,10,999
35.0,NO,3,10,999
66.66666666666667,DO,1,10,999
50.0,DO,2,10,999
42.10526315789474,DO,3,10,999
87.5,SO,1,10,999
47.36842105263158,SO,2,10,999
35.294117647058826,SO,3,10,999
90.0,NO,1,11,999
85.0,NO,2,11,999
55.0,NO,3,11,999
88.88888888888889,DO,1,11,999
66.66666666666667,DO,2,11,999
28.571428571428573,DO,3,11,999
100.0,SO,1,11,999
71.42857142857143,SO,2,11,999
16.666666666666668,SO,3,11,999
80.0,NO,1,12,999
75.0,NO,2,12,999
40.0,NO,3,12,999
94.44444444444444,DO,1,12,999
77.77777777777777,DO,2,12,999
60.0,DO,3,12,999
100.0,SO,1,12,999
100.0,SO,2,12,999
50.0,SO,3,12,999
90.0,NO,1,13,999
45.0,NO,2,13,999
25.0,NO,3,13,999
83.33333333333333,DO,1,13,999
58.8235294117647,DO,2,13,999
28.571428571428573,DO,3,13,999
92.85714285714286,SO,1,13,999
46.15384615384615,SO,2,13,999
57.142857142857146,SO,3,13,999
75.0,NO,1,14,999
50.0,NO,2,14,999
40.0,NO,3,14,999
88.23529411764706,DO,1,14,999
41.1764705882353,DO,2,14,999
52.94117647058823,DO,3,14,999
87.5,SO,1,14,999
73.33333333333333,SO,2,14,999
25.0,SO,3,14,999
90.0,NO,1,15,999
35.0,NO,2,15,999
65.0,NO,3,15,999
88.23529411764706,DO,1,15,999
57.142857142857146,DO,2,15,999
82.3529411764706,DO,3,15,999
89.47368421052632,SO,1,15,999
53.333333333333336,SO,2,15,999
69.23076923076923,SO,3,15,999
95.0,NO,1,16,999
60.0,NO,2,16,999
50.0,NO,3,16,999
100.0,DO,1,16,999
70.58823529411765,DO,2,16,999
30.76923076923077,DO,3,16,999
100.0,SO,1,16,999
78.57142857142857,SO,2,16,999
64.28571428571429,SO,3,16,999
100.0,NO,1,17,999
45.0,NO,2,17,999
50.0,NO,3,17,999
100.0,DO,1,17,999
93.33333333333333,DO,2,17,999
40.0,DO,3,17,999
88.23529411764706,SO,1,17,999
70.58823529411765,SO,2,17,999
33.333333333333336,SO,3,17,999
100.0,NO,1,18,999
45.0,NO,2,18,999
70.0,NO,3,18,999
100.0,DO,1,18,999
66.66666666666667,DO,2,18,999
80.0,DO,3,18,999
100.0,SO,1,18,999
57.142857142857146,SO,2,18,999
78.57142857142857,SO,3,18,999
100.0,NO,1,19,999
40.0,NO,2,19,999
65.0,NO,3,19,999
100.0,DO,1,19,999
41.1764705882353,DO,2,19,999
61.53846153846154,DO,3,19,999
88.88888888888889,SO,1,19,999
66.66666666666667,SO,2,19,999
85.71428571428571,SO,3,19,999
90.0,NO,1,20,999
80.0,NO,2,20,999
50.0,NO,3,20,999
100.0,DO,1,20,999
88.88888888888889,DO,2,20,999
42.857142857142854,DO,3,20,999
93.33333333333333,SO,1,20,999
92.85714285714286,SO,2,20,999
44.44444444444444,SO,3,20,999
85.0,NO,1,1,1000
50.0,NO,2,1,1000
50.0,NO,3,1,1000
100.0,DO,1,1,1000
33.333333333333336,DO,2,1,1000
0.0,DO,3,1,1000
100.0,SO,1,1,1000
,SO,2,1,1000
,SO,3,1,1000
100.0,NO,1,2,1000
90.0,NO,2,2,1000
45.0,NO,3,2,1000
100.0,DO,1,2,1000
100.0,DO,2,2,1000
50.0,DO,3,2,1000
100.0,SO,1,2,1000
100.0,SO,2,2,1000
,SO,3,2,1000
95.0,NO,1,3,1000
60.0,NO,2,3,1000
50.0,NO,3,3,1000
100.0,DO,1,3,1000
,DO,2,3,1000
,DO,3,3,1000
,SO,1,3,1000
,SO,2,3,1000
,SO,3,3,1000
80.0,NO,1,4,1000
40.0,NO,2,4,1000
40.0,NO,3,4,1000
100.0,DO,1,4,1000
50.0,DO,2,4,1000
0.0,DO,3,4,1000
100.0,SO,1,4,1000
,SO,2,4,1000
,SO,3,4,1000
95.0,NO,1,5,1000
50.0,NO,2,5,1000
60.0,NO,3,5,1000
100.0,DO,1,5,1000
50.0,DO,2,5,1000
0.0,DO,3,5,1000
100.0,SO,1,5,1000
100.0,SO,2,5,1000
50.0,SO,3,5,1000
90.0,NO,1,6,1000
70.0,NO,2,6,1000
65.0,NO,3,6,1000
100.0,DO,1,6,1000
0.0,DO,2,6,1000
,DO,3,6,1000
100.0,SO,1,6,1000
,SO,2,6,1000
100.0,SO,3,6,1000
60.0,NO,1,7,1000
45.0,NO,2,7,1000
55.0,NO,3,7,1000
100.0,DO,1,7,1000
0.0,DO,2,7,1000
100.0,DO,3,7,1000
100.0,SO,1,7,1000
100.0,SO,2,7,1000
0.0,SO,3,7,1000
80.0,NO,1,8,1000
75.0,NO,2,8,1000
45.0,NO,3,8,1000
100.0,DO,1,8,1000
100.0,DO,2,8,1000
0.0,DO,3,8,1000
100.0,SO,1,8,1000
100.0,SO,2,8,1000
,SO,3,8,1000
90.0,NO,1,9,1000
55.0,NO,2,9,1000
30.0,NO,3,9,1000
100.0,DO,1,9,1000
,DO,2,9,1000
100.0,DO,3,9,1000
100.0,SO,1,9,1000
0.0,SO,2,9,1000
0.0,SO,3,9,1000
100.0,NO,1,10,1000
50.0,NO,2,10,1000
45.0,NO,3,10,1000
100.0,DO,1,10,1000
,DO,2,10,1000
0.0,DO,3,10,1000
100.0,SO,1,10,1000
,SO,2,10,1000
,SO,3,10,1000
95.0,NO,1,11,1000
60.0,NO,2,11,1000
60.0,NO,3,11,1000
100.0,DO,1,11,1000
,DO,2,11,1000
100.0,DO,3,11,1000
100.0,SO,1,11,1000
100.0,SO,2,11,1000
,SO,3,11,1000
95.0,NO,1,12,1000
65.0,NO,2,12,1000
55.0,NO,3,12,1000
,DO,1,12,1000
50.0,DO,2,12,1000
,DO,3,12,1000
100.0,SO,1,12,1000
,SO,2,12,1000
0.0,SO,3,12,1000
100.0,NO,1,13,1000
40.0,NO,2,13,1000
60.0,NO,3,13,1000
100.0,DO,1,13,1000
100.0,DO,2,13,1000
50.0,DO,3,13,1000
,SO,1,13,1000
,SO,2,13,1000
,SO,3,13,1000
90.0,NO,1,14,1000
35.0,NO,2,14,1000
70.0,NO,3,14,1000
100.0,DO,1,14,1000
,DO,2,14,1000
,DO,3,14,1000
100.0,SO,1,14,1000
100.0,SO,2,14,1000
,SO,3,14,1000
90.0,NO,1,15,1000
60.0,NO,2,15,1000
45.0,NO,3,15,1000
100.0,DO,1,15,1000
100.0,DO,2,15,1000
,DO,3,15,1000
,SO,1,15,1000
,SO,2,15,1000
,SO,3,15,1000
85.0,NO,1,16,1000
85.0,NO,2,16,1000
50.0,NO,3,16,1000
100.0,DO,1,16,1000
100.0,DO,2,16,1000
,DO,3,16,1000
100.0,SO,1,16,1000
,SO,2,16,1000
,SO,3,16,1000
80.0,NO,1,17,1000
25.0,NO,2,17,1000
35.0,NO,3,17,1000
100.0,DO,1,17,1000
0.0,DO,2,17,1000
,DO,3,17,1000
100.0,SO,1,17,1000
0.0,SO,2,17,1000
,SO,3,17,1000
95.0,NO,1,18,1000
95.0,NO,2,18,1000
50.0,NO,3,18,1000
100.0,DO,1,18,1000
,DO,2,18,1000
,DO,3,18,1000
,SO,1,18,1000
100.0,SO,2,18,1000
,SO,3,18,1000
95.0,NO,1,19,1000
55.0,NO,2,19,1000
65.0,NO,3,19,1000
100.0,DO,1,19,1000
100.0,DO,2,19,1000
,DO,3,19,1000
,SO,1,19,1000
,SO,2,19,1000
,SO,3,19,1000
90.0,NO,1,20,1000
90.0,NO,2,20,1000
40.0,NO,3,20,1000
85.71428571428571,DO,1,20,1000
100.0,DO,2,20,1000
0.0,DO,3,20,1000
100.0,SO,1,20,1000
100.0,SO,2,20,1000
,SO,3,20,1000
65.0,NO,1,1,1001
45.0,NO,2,1,1001
40.0,NO,3,1,1001
61.111111111111114,DO,1,1,1001
68.75,DO,2,1,1001
33.333333333333336,DO,3,1,1001
36.36363636363637,SO,1,1,1001
70.58823529411765,SO,2,1,1001
26.666666666666668,SO,3,1,1001
90.0,NO,1,2,1001
25.0,NO,2,2,1001
60.0,NO,3,2,1001
88.88888888888889,DO,1,2,1001
38.888888888888886,DO,2,2,1001
66.66666666666667,DO,3,2,1001
88.88888888888889,SO,1,2,1001
47.05882352941177,SO,2,2,1001
71.42857142857143,SO,3,2,1001
95.0,NO,1,3,1001
85.0,NO,2,3,1001
55.0,NO,3,3,1001
95.0,DO,1,3,1001
100.0,DO,2,3,1001
25.0,DO,3,3,1001
100.0,SO,1,3,1001
83.33333333333333,SO,2,3,1001
60.0,SO,3,3,1001
80.0,NO,1,4,1001
60.0,NO,2,4,1001
55.0,NO,3,4,1001
87.5,DO,1,4,1001
53.84615384615385,DO,2,4,1001
60.0,DO,3,4,1001
92.85714285714286,SO,1,4,1001
73.33333333333333,SO,2,4,1001
40.0,SO,3,4,1001
65.0,NO,1,5,1001
40.0,NO,2,5,1001
35.0,NO,3,5,1001
87.5,DO,1,5,1001
37.5,DO,2,5,1001
45.45454545454545,DO,3,5,1001
93.33333333333333,SO,1,5,1001
46.666666666666664,SO,2,5,1001
58.333333333333336,SO,3,5,1001
80.0,NO,1,6,1001
50.0,NO,2,6,1001
45.0,NO,3,6,1001
88.23529411764706,DO,1,6,1001
66.66666666666667,DO,2,6,1001
50.0,DO,3,6,1001
92.85714285714286,SO,1,6,1001
41.666666666666664,SO,2,6,1001
22.22222222222222,SO,3,6,1001
70.0,NO,1,7,1001
50.0,NO,2,7,1001
40.0,NO,3,7,1001
90.9090909090909,DO,1,7,1001
63.63636363636363,DO,2,7,1001
22.22222222222222,DO,3,7,1001
92.85714285714286,SO,1,7,1001
73.33333333333333,SO,2,7,1001
75.0,SO,3,7,1001
65.0,NO,1,8,1001
40.0,NO,2,8,1001
55.0,NO,3,8,1001
78.57142857142857,DO,1,8,1001
36.36363636363637,DO,2,8,1001
38.46153846153846,DO,3,8,1001
100.0,SO,1,8,1001
66.66666666666667,SO,2,8,1001
14.285714285714286,SO,3,8,1001
90.0,NO,1,9,1001
55.0,NO,2,9,1001
65.0,NO,3,9,1001
100.0,DO,1,9,1001
25.0,DO,2,9,1001
22.22222222222222,DO,3,9,1001
92.85714285714286,SO,1,9,1001
50.0,SO,2,9,1001
66.66666666666667,SO,3,9,1001
95.0,NO,1,10,1001
95.0,NO,2,10,1001
60.0,NO,3,10,1001
100.0,DO,1,10,1001
92.3076923076923,DO,2,10,1001
36.36363636363637,DO,3,10,1001
100.0,SO,1,10,1001
90.9090909090909,SO,2,10,1001
33.333333333333336,SO,3,10,1001
70.0,NO,1,11,1001
50.0,NO,2,11,1001
70.0,NO,3,11,1001
93.33333333333333,DO,1,11,1001
50.0,DO,2,11,1001
27.272727272727273,DO,3,11,1001
100.0,SO,1,11,1001
25.0,SO,2,11,1001
62.5,SO,3,11,1001
80.0,NO,1,12,1001
40.0,NO,2,12,1001
35.0,NO,3,12,1001
92.3076923076923,DO,1,12,1001
57.142857142857146,DO,2,12,1001
38.46153846153846,DO,3,12,1001
88.23529411764706,SO,1,12,1001
44.44444444444444,SO,2,12,1001
62.5,SO,3,12,1001
100.0,NO,1,13,1001
80.0,NO,2,13,1001
40.0,NO,3,13,1001
100.0,DO,1,13,1001
100.0,DO,2,13,1001
33.333333333333336,DO,3,13,1001
100.0,SO,1,13,1001
100.0,SO,2,13,1001
50.0,SO,3,13,1001
75.0,NO,1,14,1001
65.0,NO,2,14,1001
50.0,NO,3,14,1001
100.0,DO,1,14,1001
100.0,DO,2,14,1001
42.857142857142854,DO,3,14,1001
93.33333333333333,SO,1,14,1001
100.0,SO,2,14,1001
33.333333333333336,SO,3,14,1001
85.0,NO,1,15,1001
90.0,NO,2,15,1001
50.0,NO,3,15,1001
100.0,DO,1,15,1001
100.0,DO,2,15,1001
41.666666666666664,DO,3,15,1001
100.0,SO,1,15,1001
91.66666666666667,SO,2,15,1001
37.5,SO,3,15,1001
85.0,NO,1,16,1001
75.0,NO,2,16,1001
40.0,NO,3,16,1001
100.0,DO,1,16,1001
92.85714285714286,DO,2,16,1001
42.857142857142854,DO,3,16,1001
93.75,SO,1,16,1001
90.9090909090909,SO,2,16,1001
50.0,SO,3,16,1001
85.0,NO,1,17,1001
75.0,NO,2,17,1001
45.0,NO,3,17,1001
94.73684210526316,DO,1,17,1001
100.0,DO,2,17,1001
18.181818181818183,DO,3,17,1001
93.75,SO,1,17,1001
100.0,SO,2,17,1001
50.0,SO,3,17,1001
95.0,NO,1,18,1001
85.0,NO,2,18,1001
45.0,NO,3,18,1001
94.11764705882354,DO,1,18,1001
75.0,DO,2,18,1001
40.0,DO,3,18,1001
100.0,SO,1,18,1001
100.0,SO,2,18,1001
33.333333333333336,SO,3,18,1001
78.94736842105263,NO,1,19,1001
35.0,NO,2,19,1001
35.0,NO,3,19,1001
100.0,DO,1,19,1001
35.714285714285715,DO,2,19,1001
18.181818181818183,DO,3,19,1001
90.9090909090909,SO,1,19,1001
55.55555555555556,SO,2,19,1001
20.0,SO,3,19,1001
75.0,NO,1,20,1001
70.0,NO,2,20,1001
75.0,NO,3,20,1001
94.44444444444444,DO,1,20,1001
91.66666666666667,DO,2,20,1001
42.857142857142854,DO,3,20,1001
93.75,SO,1,20,1001
88.88888888888889,SO,2,20,1001
25.0,SO,3,20,1001
85.0,NO,1,1,1002
90.0,NO,2,1,1002
60.0,NO,3,1,1002
93.75,DO,1,1,1002
87.5,DO,2,1,1002
63.63636363636363,DO,3,1,1002
100.0,SO,1,1,1002
100.0,SO,2,1,1002
66.66666666666667,SO,3,1,1002
85.0,NO,1,2,1002
70.0,NO,2,2,1002
60.0,NO,3,2,1002
94.73684210526316,DO,1,2,1002
93.75,DO,2,2,1002
28.571428571428573,DO,3,2,1002
94.11764705882354,SO,1,2,1002
83.33333333333333,SO,2,2,1002
50.0,SO,3,2,1002
85.0,NO,1,3,1002
85.0,NO,2,3,1002
55.0,NO,3,3,1002
100.0,DO,1,3,1002
88.23529411764706,DO,2,3,1002
33.333333333333336,DO,3,3,1002
100.0,SO,1,3,1002
100.0,SO,2,3,1002
50.0,SO,3,3,1002
75.0,NO,1,4,1002
60.0,NO,2,4,1002
45.0,NO,3,4,1002
88.88888888888889,DO,1,4,1002
26.666666666666668,DO,2,4,1002
28.571428571428573,DO,3,4,1002
94.44444444444444,SO,1,4,1002
57.142857142857146,SO,2,4,1002
55.55555555555556,SO,3,4,1002
95.0,NO,1,5,1002
55.0,NO,2,5,1002
55.0,NO,3,5,1002
89.47368421052632,DO,1,5,1002
33.333333333333336,DO,2,5,1002
37.5,DO,3,5,1002
100.0,SO,1,5,1002
46.666666666666664,SO,2,5,1002
75.0,SO,3,5,1002
80.0,NO,1,6,1002
45.0,NO,2,6,1002
50.0,NO,3,6,1002
100.0,DO,1,6,1002
25.0,DO,2,6,1002
55.55555555555556,DO,3,6,1002
94.11764705882354,SO,1,6,1002
36.36363636363637,SO,2,6,1002
33.333333333333336,SO,3,6,1002
95.0,NO,1,7,1002
95.0,NO,2,7,1002
55.0,NO,3,7,1002
100.0,DO,1,7,1002
100.0,DO,2,7,1002
38.46153846153846,DO,3,7,1002
100.0,SO,1,7,1002
100.0,SO,2,7,1002
0.0,SO,3,7,1002
95.0,NO,1,8,1002
95.0,NO,2,8,1002
25.0,NO,3,8,1002
100.0,DO,1,8,1002
93.33333333333333,DO,2,8,1002
44.44444444444444,DO,3,8,1002
100.0,SO,1,8,1002
76.92307692307692,SO,2,8,1002
57.142857142857146,SO,3,8,1002
85.0,NO,1,9,1002
70.0,NO,2,9,1002
35.0,NO,3,9,1002
100.0,DO,1,9,1002
76.47058823529412,DO,2,9,1002
53.333333333333336,DO,3,9,1002
93.75,SO,1,9,1002
78.57142857142857,SO,2,9,1002
37.5,SO,3,9,1002
95.0,NO,1,10,1002
45.0,NO,2,10,1002
60.0,NO,3,10,1002
100.0,DO,1,10,1002
50.0,DO,2,10,1002
62.5,DO,3,10,1002
100.0,SO,1,10,1002
25.0,SO,2,10,1002
100.0,SO,3,10,1002
95.0,NO,1,11,1002
45.0,NO,2,11,1002
45.0,NO,3,11,1002
100.0,DO,1,11,1002
50.0,DO,2,11,1002
20.0,DO,3,11,1002
92.85714285714286,SO,1,11,1002
50.0,SO,2,11,1002
50.0,SO,3,11,1002
75.0,NO,1,12,1002
50.0,NO,2,12,1002
65.0,NO,3,12,1002
100.0,DO,1,12,1002
35.714285714285715,DO,2,12,1002
50.0,DO,3,12,1002
94.11764705882354,SO,1,12,1002
41.666666666666664,SO,2,12,1002
50.0,SO,3,12,1002
95.0,NO,1,13,1002
65.0,NO,2,13,1002
30.0,NO,3,13,1002
100.0,DO,1,13,1002
62.5,DO,2,13,1002
37.5,DO,3,13,1002
100.0,SO,1,13,1002
68.42105263157895,SO,2,13,1002
33.333333333333336,SO,3,13,1002
100.0,NO,1,14,1002
95.0,NO,2,14,1002
55.0,NO,3,14,1002
100.0,DO,1,14,1002
94.73684210526316,DO,2,14,1002
60.0,DO,3,14,1002
100.0,SO,1,14,1002
100.0,SO,2,14,1002
66.66666666666667,SO,3,14,1002
95.0,NO,1,15,1002
90.0,NO,2,15,1002
30.0,NO,3,15,1002
100.0,DO,1,15,1002
100.0,DO,2,15,1002
33.333333333333336,DO,3,15,1002
88.88888888888889,SO,1,15,1002
85.71428571428571,SO,2,15,1002
57.142857142857146,SO,3,15,1002
100.0,NO,1,16,1002
100.0,NO,2,16,1002
45.0,NO,3,16,1002
100.0,DO,1,16,1002
81.25,DO,2,16,1002
55.55555555555556,DO,3,16,1002
100.0,SO,1,16,1002
92.85714285714286,SO,2,16,1002
37.5,SO,3,16,1002
100.0,NO,1,17,1002
75.0,NO,2,17,1002
20.0,NO,3,17,1002
84.21052631578948,DO,1,17,1002
100.0,DO,2,17,1002
66.66666666666667,DO,3,17,1002
100.0,SO,1,17,1002
76.92307692307692,SO,2,17,1002
40.0,SO,3,17,1002
85.0,NO,1,18,1002
85.0,NO,2,18,1002
40.0,NO,3,18,1002
100.0,DO,1,18,1002
100.0,DO,2,18,1002
36.36363636363637,DO,3,18,1002
87.5,SO,1,18,1002
90.0,SO,2,18,1002
50.0,SO,3,18,1002
100.0,NO,1,19,1002
35.0,NO,2,19,1002
70.0,NO,3,19,1002
100.0,DO,1,19,1002
31.25,DO,2,19,1002
61.53846153846154,DO,3,19,1002
100.0,SO,1,19,1002
58.333333333333336,SO,2,19,1002
61.53846153846154,SO,3,19,1002
95.0,NO,1,20,1002
70.0,NO,2,20,1002
65.0,NO,3,20,1002
100.0,DO,1,20,1002
60.0,DO,2,20,1002
62.5,DO,3,20,1002
100.0,SO,1,20,1002
57.142857142857146,SO,2,20,1002
71.42857142857143,SO,3,20,1002
95.0,NO,1,1,1003
90.0,NO,2,1,1003
65.0,NO,3,1,1003
100.0,DO,1,1,1003
100.0,DO,2,1,1003
72.72727272727273,DO,3,1,1003
100.0,SO,1,1,1003
100.0,SO,2,1,1003
100.0,SO,3,1,1003
90.0,NO,1,2,1003
50.0,NO,2,2,1003
55.0,NO,3,2,1003
100.0,DO,1,2,1003
60.0,DO,2,2,1003
50.0,DO,3,2,1003
91.66666666666667,SO,1,2,1003
57.142857142857146,SO,2,2,1003
75.0,SO,3,2,1003
60.0,NO,1,3,1003
45.0,NO,2,3,1003
35.0,NO,3,3,1003
100.0,DO,1,3,1003
60.0,DO,2,3,1003
36.36363636363637,DO,3,3,1003
93.75,SO,1,3,1003
38.888888888888886,SO,2,3,1003
37.5,SO,3,3,1003
75.0,NO,1,4,1003
30.0,NO,2,4,1003
45.0,NO,3,4,1003
76.92307692307692,DO,1,4,1003
60.0,DO,2,4,1003
53.84615384615385,DO,3,4,1003
100.0,SO,1,4,1003
66.66666666666667,SO,2,4,1003
45.45454545454545,SO,3,4,1003
100.0,NO,1,5,1003
70.0,NO,2,5,1003
65.0,NO,3,5,1003
94.44444444444444,DO,1,5,1003
57.142857142857146,DO,2,5,1003
76.92307692307692,DO,3,5,1003
94.44444444444444,SO,1,5,1003
45.45454545454545,SO,2,5,1003
45.45454545454545,SO,3,5,1003
90.0,NO,1,6,1003
45.0,NO,2,6,1003
65.0,NO,3,6,1003
89.47368421052632,DO,1,6,1003
25.0,DO,2,6,1003
50.0,DO,3,6,1003
100.0,SO,1,6,1003
63.63636363636363,SO,2,6,1003
33.333333333333336,SO,3,6,1003
75.0,NO,1,7,1003
50.0,NO,2,7,1003
47.36842105263158,NO,3,7,1003
82.3529411764706,DO,1,7,1003
60.0,DO,2,7,1003
23.076923076923077,DO,3,7,1003
100.0,SO,1,7,1003
0.0,SO,2,7,1003
33.333333333333336,SO,3,7,1003
95.0,NO,1,8,1003
50.0,NO,2,8,1003
55.0,NO,3,8,1003
82.3529411764706,DO,1,8,1003
63.63636363636363,DO,2,8,1003
58.333333333333336,DO,3,8,1003
94.44444444444444,SO,1,8,1003
33.333333333333336,SO,2,8,1003
58.333333333333336,SO,3,8,1003
100.0,NO,1,9,1003
55.0,NO,2,9,1003
70.0,NO,3,9,1003
90.0,DO,1,9,1003
36.36363636363637,DO,2,9,1003
75.0,DO,3,9,1003
93.75,SO,1,9,1003
50.0,SO,2,9,1003
45.45454545454545,SO,3,9,1003
90.0,NO,1,10,1003
40.0,NO,2,10,1003
50.0,NO,3,10,1003
88.23529411764706,DO,1,10,1003
44.44444444444444,DO,2,10,1003
66.66666666666667,DO,3,10,1003
100.0,SO,1,10,1003
37.5,SO,2,10,1003
55.55555555555556,SO,3,10,1003
90.0,NO,1,11,1003
35.0,NO,2,11,1003
60.0,NO,3,11,1003
93.33333333333333,DO,1,11,1003
55.55555555555556,DO,2,11,1003
42.857142857142854,DO,3,11,1003
94.11764705882354,SO,1,11,1003
50.0,SO,2,11,1003
50.0,SO,3,11,1003
100.0,NO,1,12,1003
35.0,NO,2,12,1003
65.0,NO,3,12,1003
94.11764705882354,DO,1,12,1003
66.66666666666667,DO,2,12,1003
63.63636363636363,DO,3,12,1003
94.11764705882354,SO,1,12,1003
62.5,SO,2,12,1003
66.66666666666667,SO,3,12,1003
100.0,NO,1,13,1003
65.0,NO,2,13,1003
50.0,NO,3,13,1003
94.44444444444444,DO,1,13,1003
75.0,DO,2,13,1003
42.857142857142854,DO,3,13,1003
100.0,SO,1,13,1003
71.42857142857143,SO,2,13,1003
72.72727272727273,SO,3,13,1003
95.0,NO,1,14,1003
70.0,NO,2,14,1003
80.0,NO,3,14,1003
94.73684210526316,DO,1,14,1003
42.857142857142854,DO,2,14,1003
75.0,DO,3,14,1003
100.0,SO,1,14,1003
60.0,SO,2,14,1003
92.3076923076923,SO,3,14,1003
100.0,NO,1,15,1003
90.0,NO,2,15,1003
55.0,NO,3,15,1003
100.0,DO,1,15,1003
93.75,DO,2,15,1003
83.33333333333333,DO,3,15,1003
100.0,SO,1,15,1003
94.11764705882354,SO,2,15,1003
83.33333333333333,SO,3,15,1003
100.0,NO,1,16,1003
90.0,NO,2,16,1003
60.0,NO,3,16,1003
100.0,DO,1,16,1003
100.0,DO,2,16,1003
71.42857142857143,DO,3,16,1003
100.0,SO,1,16,1003
100.0,SO,2,16,1003
71.42857142857143,SO,3,16,1003
95.0,NO,1,17,1003
100.0,NO,2,17,1003
25.0,NO,3,17,1003
100.0,DO,1,17,1003
100.0,DO,2,17,1003
58.333333333333336,DO,3,17,1003
100.0,SO,1,17,1003
94.11764705882354,SO,2,17,1003
33.333333333333336,SO,3,17,1003
90.0,NO,1,18,1003
95.0,NO,2,18,1003
50.0,NO,3,18,1003
100.0,DO,1,18,1003
89.47368421052632,DO,2,18,1003
58.333333333333336,DO,3,18,1003
100.0,SO,1,18,1003
100.0,SO,2,18,1003
16.666666666666668,SO,3,18,1003
100.0,NO,1,19,1003
55.0,NO,2,19,1003
55.0,NO,3,19,1003
94.11764705882354,DO,1,19,1003
41.666666666666664,DO,2,19,1003
75.0,DO,3,19,1003
100.0,SO,1,19,1003
30.0,SO,2,19,1003
80.0,SO,3,19,1003
100.0,NO,1,20,1003
95.0,NO,2,20,1003
70.0,NO,3,20,1003
100.0,DO,1,20,1003
94.11764705882354,DO,2,20,1003
72.72727272727273,DO,3,20,1003
100.0,SO,1,20,1003
90.9090909090909,SO,2,20,1003
50.0,SO,3,20,1003
75.0,NO,1,1,1005
90.0,NO,2,1,1005
90.0,NO,3,1,1005
94.73684210526316,DO,1,1,1005
54.54545454545455,DO,2,1,1005
81.81818181818181,DO,3,1,1005
86.66666666666667,SO,1,1,1005
54.54545454545455,SO,2,1,1005
100.0,SO,3,1,1005
85.0,NO,1,2,1005
45.0,NO,2,2,1005
80.0,NO,3,2,1005
100.0,DO,1,2,1005
42.857142857142854,DO,2,2,1005
81.25,DO,3,2,1005
100.0,SO,1,2,1005
42.857142857142854,SO,2,2,1005
100.0,SO,3,2,1005
80.0,NO,1,3,1005
40.0,NO,2,3,1005
35.0,NO,3,3,1005
100.0,DO,1,3,1005
56.25,DO,2,3,1005
42.857142857142854,DO,3,3,1005
100.0,SO,1,3,1005
61.53846153846154,SO,2,3,1005
44.44444444444444,SO,3,3,1005
85.0,NO,1,4,1005
70.0,NO,2,4,1005
50.0,NO,3,4,1005
100.0,DO,1,4,1005
44.44444444444444,DO,2,4,1005
54.54545454545455,DO,3,4,1005
73.33333333333333,SO,1,4,1005
80.0,SO,2,4,1005
20.0,SO,3,4,1005
90.0,NO,1,5,1005
60.0,NO,2,5,1005
80.0,NO,3,5,1005
70.58823529411765,DO,1,5,1005
31.57894736842105,DO,2,5,1005
55.0,DO,3,5,1005
80.0,SO,1,5,1005
58.333333333333336,SO,2,5,1005
83.33333333333333,SO,3,5,1005
100.0,NO,1,6,1005
75.0,NO,2,6,1005
50.0,NO,3,6,1005
100.0,DO,1,6,1005
89.47368421052632,DO,2,6,1005
57.142857142857146,DO,3,6,1005
100.0,SO,1,6,1005
93.33333333333333,SO,2,6,1005
64.28571428571429,SO,3,6,1005
85.0,NO,1,7,1005
60.0,NO,2,7,1005
55.0,NO,3,7,1005
100.0,DO,1,7,1005
55.55555555555556,DO,2,7,1005
12.5,DO,3,7,1005
100.0,SO,1,7,1005
44.44444444444444,SO,2,7,1005
50.0,SO,3,7,1005
75.0,NO,1,8,1005
40.0,NO,2,8,1005
60.0,NO,3,8,1005
100.0,DO,1,8,1005
53.333333333333336,DO,2,8,1005
31.25,DO,3,8,1005
76.47058823529412,SO,1,8,1005
50.0,SO,2,8,1005
43.75,SO,3,8,1005
95.0,NO,1,9,1005
45.0,NO,2,9,1005
60.0,NO,3,9,1005
100.0,DO,1,9,1005
53.84615384615385,DO,2,9,1005
64.28571428571429,DO,3,9,1005
87.5,SO,1,9,1005
66.66666666666667,SO,2,9,1005
50.0,SO,3,9,1005
75.0,NO,1,10,1005
45.0,NO,2,10,1005
50.0,NO,3,10,1005
84.21052631578948,DO,1,10,1005
53.84615384615385,DO,2,10,1005
62.5,DO,3,10,1005
100.0,SO,1,10,1005
41.666666666666664,SO,2,10,1005
38.46153846153846,SO,3,10,1005
95.0,NO,1,11,1005
45.0,NO,2,11,1005
60.0,NO,3,11,1005
100.0,DO,1,11,1005
33.333333333333336,DO,2,11,1005
35.294117647058826,DO,3,11,1005
94.11764705882354,SO,1,11,1005
61.53846153846154,SO,2,11,1005
30.0,SO,3,11,1005
100.0,NO,1,12,1005
75.0,NO,2,12,1005
85.0,NO,3,12,1005
100.0,DO,1,12,1005
56.25,DO,2,12,1005
70.58823529411765,DO,3,12,1005
100.0,SO,1,12,1005
85.71428571428571,SO,2,12,1005
83.33333333333333,SO,3,12,1005
100.0,NO,1,13,1005
45.0,NO,2,13,1005
65.0,NO,3,13,1005
100.0,DO,1,13,1005
63.63636363636363,DO,2,13,1005
50.0,DO,3,13,1005
100.0,SO,1,13,1005
23.076923076923077,SO,2,13,1005
30.0,SO,3,13,1005
95.0,NO,1,14,1005
90.0,NO,2,14,1005
45.0,NO,3,14,1005
94.73684210526316,DO,1,14,1005
100.0,DO,2,14,1005
58.333333333333336,DO,3,14,1005
100.0,SO,1,14,1005
66.66666666666667,SO,2,14,1005
66.66666666666667,SO,3,14,1005
100.0,NO,1,15,1005
75.0,NO,2,15,1005
35.0,NO,3,15,1005
100.0,DO,1,15,1005
100.0,DO,2,15,1005
50.0,DO,3,15,1005
100.0,SO,1,15,1005
81.81818181818181,SO,2,15,1005
33.333333333333336,SO,3,15,1005
90.0,NO,1,16,1005
85.0,NO,2,16,1005
35.0,NO,3,16,1005
94.73684210526316,DO,1,16,1005
83.33333333333333,DO,2,16,1005
53.333333333333336,DO,3,16,1005
100.0,SO,1,16,1005
88.88888888888889,SO,2,16,1005
33.333333333333336,SO,3,16,1005
100.0,NO,1,17,1005
75.0,NO,2,17,1005
40.0,NO,3,17,1005
95.0,DO,1,17,1005
83.33333333333333,DO,2,17,1005
46.666666666666664,DO,3,17,1005
100.0,SO,1,17,1005
64.28571428571429,SO,2,17,1005
22.22222222222222,SO,3,17,1005
95.0,NO,1,18,1005
75.0,NO,2,18,1005
50.0,NO,3,18,1005
100.0,DO,1,18,1005
85.71428571428571,DO,2,18,1005
25.0,DO,3,18,1005
87.5,SO,1,18,1005
91.66666666666667,SO,2,18,1005
37.5,SO,3,18,1005
95.0,NO,1,19,1005
85.0,NO,2,19,1005
45.0,NO,3,19,1005
95.0,DO,1,19,1005
92.3076923076923,DO,2,19,1005
11.11111111111111,DO,3,19,1005
90.0,SO,1,19,1005
92.85714285714286,SO,2,19,1005
37.5,SO,3,19,1005
100.0,NO,1,20,1005
95.0,NO,2,20,1005
50.0,NO,3,20,1005
95.0,DO,1,20,1005
100.0,DO,2,20,1005
41.666666666666664,DO,3,20,1005
100.0,SO,1,20,1005
100.0,SO,2,20,1005
50.0,SO,3,20,1005
95.0,NO,1,1,1006
90.0,NO,2,1,1006
50.0,NO,3,1,1006
100.0,DO,1,1,1006
90.0,DO,2,1,1006
68.42105263157895,DO,3,1,1006
75.0,SO,1,1,1006
92.85714285714286,SO,2,1,1006
27.77777777777778,SO,3,1,1006
85.0,NO,1,2,1006
45.0,NO,2,2,1006
60.0,NO,3,2,1006
85.0,DO,1,2,1006
38.888888888888886,DO,2,2,1006
38.888888888888886,DO,3,2,1006
84.21052631578948,SO,1,2,1006
43.75,SO,2,2,1006
71.42857142857143,SO,3,2,1006
85.0,NO,1,3,1006
45.0,NO,2,3,1006
40.0,NO,3,3,1006
88.88888888888889,DO,1,3,1006
42.10526315789474,DO,2,3,1006
33.333333333333336,DO,3,3,1006
76.47058823529412,SO,1,3,1006
23.076923076923077,SO,2,3,1006
29.41176470588235,SO,3,3,1006
95.0,NO,1,4,1006
55.0,NO,2,4,1006
70.0,NO,3,4,1006
94.44444444444444,DO,1,4,1006
53.333333333333336,DO,2,4,1006
50.0,DO,3,4,1006
50.0,SO,1,4,1006
46.666666666666664,SO,2,4,1006
40.0,SO,3,4,1006
85.0,NO,1,5,1006
35.0,NO,2,5,1006
35.0,NO,3,5,1006
78.94736842105263,DO,1,5,1006
61.111111111111114,DO,2,5,1006
40.0,DO,3,5,1006
86.66666666666667,SO,1,5,1006
23.529411764705884,SO,2,5,1006
50.0,SO,3,5,1006
95.0,NO,1,6,1006
70.0,NO,2,6,1006
60.0,NO,3,6,1006
100.0,DO,1,6,1006
78.94736842105263,DO,2,6,1006
61.111111111111114,DO,3,6,1006
88.88888888888889,SO,1,6,1006
70.58823529411765,SO,2,6,1006
58.8235294117647,SO,3,6,1006
75.0,NO,1,7,1006
40.0,NO,2,7,1006
60.0,NO,3,7,1006
80.0,DO,1,7,1006
65.0,DO,2,7,1006
60.0,DO,3,7,1006
78.94736842105263,SO,1,7,1006
57.89473684210526,SO,2,7,1006
43.75,SO,3,7,1006
85.0,NO,1,8,1006
20.0,NO,2,8,1006
45.0,NO,3,8,1006
94.44444444444444,DO,1,8,1006
44.44444444444444,DO,2,8,1006
50.0,DO,3,8,1006
66.66666666666667,SO,1,8,1006
50.0,SO,2,8,1006
53.333333333333336,SO,3,8,1006
80.0,NO,1,9,1006
45.0,NO,2,9,1006
30.0,NO,3,9,1006
93.33333333333333,DO,1,9,1006
56.25,DO,2,9,1006
33.333333333333336,DO,3,9,1006
82.3529411764706,SO,1,9,1006
42.857142857142854,SO,2,9,1006
40.0,SO,3,9,1006
75.0,NO,1,10,1006
55.0,NO,2,10,1006
50.0,NO,3,10,1006
61.111111111111114,DO,1,10,1006
42.10526315789474,DO,2,10,1006
78.94736842105263,DO,3,10,1006
81.25,SO,1,10,1006
53.333333333333336,SO,2,10,1006
75.0,SO,3,10,1006
70.0,NO,1,11,1006
70.0,NO,2,11,1006
60.0,NO,3,11,1006
80.0,DO,1,11,1006
73.6842105263158,DO,2,11,1006
64.70588235294117,DO,3,11,1006
72.22222222222223,SO,1,11,1006
53.333333333333336,SO,2,11,1006
73.33333333333333,SO,3,11,1006
95.0,NO,1,12,1006
50.0,NO,2,12,1006
60.0,NO,3,12,1006
55.0,DO,1,12,1006
55.0,DO,2,12,1006
55.0,DO,3,12,1006
66.66666666666667,SO,1,12,1006
52.94117647058823,SO,2,12,1006
45.0,SO,3,12,1006
75.0,NO,1,13,1006
45.0,NO,2,13,1006
65.0,NO,3,13,1006
70.0,DO,1,13,1006
58.8235294117647,DO,2,13,1006
72.22222222222223,DO,3,13,1006
61.111111111111114,SO,1,13,1006
33.333333333333336,SO,2,13,1006
47.05882352941177,SO,3,13,1006
100.0,NO,1,14,1006
85.0,NO,2,14,1006
60.0,NO,3,14,1006
85.0,DO,1,14,1006
100.0,DO,2,14,1006
60.0,DO,3,14,1006
90.0,SO,1,14,1006
68.42105263157895,SO,2,14,1006
38.888888888888886,SO,3,14,1006
90.0,NO,1,15,1006
70.0,NO,2,15,1006
55.0,NO,3,15,1006
85.0,DO,1,15,1006
91.66666666666667,DO,2,15,1006
64.70588235294117,DO,3,15,1006
85.0,SO,1,15,1006
66.66666666666667,SO,2,15,1006
33.333333333333336,SO,3,15,1006
80.0,NO,1,16,1006
75.0,NO,2,16,1006
45.0,NO,3,16,1006
85.0,DO,1,16,1006
68.75,DO,2,16,1006
47.05882352941177,DO,3,16,1006
70.58823529411765,SO,1,16,1006
78.57142857142857,SO,2,16,1006
53.84615384615385,SO,3,16,1006
70.0,NO,1,17,1006
65.0,NO,2,17,1006
50.0,NO,3,17,1006
95.0,DO,1,17,1006
78.94736842105263,DO,2,17,1006
58.333333333333336,DO,3,17,1006
82.3529411764706,SO,1,17,1006
64.70588235294117,SO,2,17,1006
66.66666666666667,SO,3,17,1006
100.0,NO,1,18,1006
85.0,NO,2,18,1006
45.0,NO,3,18,1006
100.0,DO,1,18,1006
88.23529411764706,DO,2,18,1006
53.333333333333336,DO,3,18,1006
100.0,SO,1,18,1006
92.85714285714286,SO,2,18,1006
66.66666666666667,SO,3,18,1006
90.0,NO,1,19,1006
85.0,NO,2,19,1006
55.0,NO,3,19,1006
90.0,DO,1,19,1006
89.47368421052632,DO,2,19,1006
35.294117647058826,DO,3,19,1006
100.0,SO,1,19,1006
75.0,SO,2,19,1006
73.33333333333333,SO,3,19,1006
95.0,NO,1,20,1006
95.0,NO,2,20,1006
35.0,NO,3,20,1006
94.73684210526316,DO,1,20,1006
100.0,DO,2,20,1006
55.55555555555556,DO,3,20,1006
100.0,SO,1,20,1006
83.33333333333333,SO,2,20,1006
58.8235294117647,SO,3,20,1006
100.0,NO,1,1,1007
75.0,NO,2,1,1007
60.0,NO,3,1,1007
100.0,DO,1,1,1007
94.73684210526316,DO,2,1,1007
70.0,DO,3,1,1007
100.0,SO,1,1,1007
85.0,SO,2,1,1007
78.94736842105263,SO,3,1,1007
60.0,NO,1,2,1007
20.0,NO,2,2,1007
35.0,NO,3,2,1007
84.21052631578948,DO,1,2,1007
31.25,DO,2,2,1007
47.36842105263158,DO,3,2,1007
75.0,SO,1,2,1007
52.63157894736842,SO,2,2,1007
25.0,SO,3,2,1007
85.0,NO,1,3,1007
60.0,NO,2,3,1007
40.0,NO,3,3,1007
73.6842105263158,DO,1,3,1007
65.0,DO,2,3,1007
44.44444444444444,DO,3,3,1007
94.44444444444444,SO,1,3,1007
50.0,SO,2,3,1007
56.25,SO,3,3,1007
85.0,NO,1,4,1007
40.0,NO,2,4,1007
50.0,NO,3,4,1007
89.47368421052632,DO,1,4,1007
62.5,DO,2,4,1007
56.25,DO,3,4,1007
100.0,SO,1,4,1007
66.66666666666667,SO,2,4,1007
64.28571428571429,SO,3,4,1007
95.0,NO,1,5,1007
75.0,NO,2,5,1007
60.0,NO,3,5,1007
94.44444444444444,DO,1,5,1007
94.73684210526316,DO,2,5,1007
37.5,DO,3,5,1007
94.73684210526316,SO,1,5,1007
92.85714285714286,SO,2,5,1007
41.1764705882353,SO,3,5,1007
75.0,NO,1,6,1007
40.0,NO,2,6,1007
45.0,NO,3,6,1007
100.0,DO,1,6,1007
86.66666666666667,DO,2,6,1007
68.42105263157895,DO,3,6,1007
100.0,SO,1,6,1007
17.647058823529413,SO,2,6,1007
76.47058823529412,SO,3,6,1007
65.0,NO,1,7,1007
50.0,NO,2,7,1007
50.0,NO,3,7,1007
89.47368421052632,DO,1,7,1007
23.529411764705884,DO,2,7,1007
63.1578947368421,DO,3,7,1007
78.94736842105263,SO,1,7,1007
20.0,SO,2,7,1007
33.333333333333336,SO,3,7,1007
95.0,NO,1,8,1007
55.0,NO,2,8,1007
55.0,NO,3,8,1007
90.0,DO,1,8,1007
68.75,DO,2,8,1007
40.0,DO,3,8,1007
100.0,SO,1,8,1007
88.23529411764706,SO,2,8,1007
33.333333333333336,SO,3,8,1007
100.0,NO,1,9,1007
70.0,NO,2,9,1007
25.0,NO,3,9,1007
95.0,DO,1,9,1007
58.8235294117647,DO,2,9,1007
50.0,DO,3,9,1007
100.0,SO,1,9,1007
58.8235294117647,SO,2,9,1007
61.53846153846154,SO,3,9,1007
80.0,NO,1,10,1007
50.0,NO,2,10,1007
60.0,NO,3,10,1007
77.77777777777777,DO,1,10,1007
43.75,DO,2,10,1007
47.05882352941177,DO,3,10,1007
94.11764705882354,SO,1,10,1007
40.0,SO,2,10,1007
73.6842105263158,SO,3,10,1007
90.0,NO,1,11,1007
30.0,NO,2,11,1007
30.0,NO,3,11,1007
90.0,DO,1,11,1007
23.076923076923077,DO,2,11,1007
35.714285714285715,DO,3,11,1007
88.23529411764706,SO,1,11,1007
66.66666666666667,SO,2,11,1007
56.25,SO,3,11,1007
90.0,NO,1,12,1007
50.0,NO,2,12,1007
50.0,NO,3,12,1007
100.0,DO,1,12,1007
38.888888888888886,DO,2,12,1007
40.0,DO,3,12,1007
100.0,SO,1,12,1007
54.54545454545455,SO,2,12,1007
53.333333333333336,SO,3,12,1007
90.0,NO,1,13,1007
50.0,NO,2,13,1007
65.0,NO,3,13,1007
88.88888888888889,DO,1,13,1007
37.5,DO,2,13,1007
46.15384615384615,DO,3,13,1007
78.94736842105263,SO,1,13,1007
47.36842105263158,SO,2,13,1007
73.33333333333333,SO,3,13,1007
90.0,NO,1,14,1007
90.0,NO,2,14,1007
50.0,NO,3,14,1007
100.0,DO,1,14,1007
94.11764705882354,DO,2,14,1007
62.5,DO,3,14,1007
100.0,SO,1,14,1007
81.25,SO,2,14,1007
35.714285714285715,SO,3,14,1007
95.0,NO,1,15,1007
80.0,NO,2,15,1007
30.0,NO,3,15,1007
94.73684210526316,DO,1,15,1007
77.77777777777777,DO,2,15,1007
21.428571428571427,DO,3,15,1007
78.94736842105263,SO,1,15,1007
70.58823529411765,SO,2,15,1007
45.45454545454545,SO,3,15,1007
90.0,NO,1,16,1007
60.0,NO,2,16,1007
30.0,NO,3,16,1007
95.0,DO,1,16,1007
77.77777777777777,DO,2,16,1007
29.41176470588235,DO,3,16,1007
95.0,SO,1,16,1007
82.3529411764706,SO,2,16,1007
42.10526315789474,SO,3,16,1007
80.0,NO,1,17,1007
70.0,NO,2,17,1007
35.0,NO,3,17,1007
63.1578947368421,DO,1,17,1007
84.21052631578948,DO,2,17,1007
35.294117647058826,DO,3,17,1007
89.47368421052632,SO,1,17,1007
62.5,SO,2,17,1007
33.333333333333336,SO,3,17,1007
85.0,NO,1,18,1007
75.0,NO,2,18,1007
65.0,NO,3,18,1007
75.0,DO,1,18,1007
94.73684210526316,DO,2,18,1007
33.333333333333336,DO,3,18,1007
85.0,SO,1,18,1007
75.0,SO,2,18,1007
33.333333333333336,SO,3,18,1007
100.0,NO,1,19,1007
65.0,NO,2,19,1007
65.0,NO,3,19,1007
100.0,DO,1,19,1007
70.58823529411765,DO,2,19,1007
77.77777777777777,DO,3,19,1007
100.0,SO,1,19,1007
57.89473684210526,SO,2,19,1007
78.94736842105263,SO,3,19,1007
100.0,NO,1,20,1007
100.0,NO,2,20,1007
65.0,NO,3,20,1007
100.0,DO,1,20,1007
85.0,DO,2,20,1007
61.111111111111114,DO,3,20,1007
94.73684210526316,SO,1,20,1007
100.0,SO,2,20,1007
50.0,SO,3,20,1007
90.0,NO,1,1,1008
90.0,NO,2,1,1008
50.0,NO,3,1,1008
100.0,DO,1,1,1008
88.88888888888889,DO,2,1,1008
50.0,DO,3,1,1008
100.0,SO,1,1,1008
94.73684210526316,SO,2,1,1008
41.1764705882353,SO,3,1,1008
100.0,NO,1,3,1008
75.0,NO,2,3,1008
55.0,NO,3,3,1008
100.0,DO,1,3,1008
87.5,DO,2,3,1008
70.58823529411765,DO,3,3,1008
100.0,SO,1,3,1008
87.5,SO,2,3,1008
66.66666666666667,SO,3,3,1008
100.0,NO,1,4,1008
75.0,NO,2,4,1008
35.0,NO,3,4,1008
95.0,DO,1,4,1008
75.0,DO,2,4,1008
50.0,DO,3,4,1008
100.0,SO,1,4,1008
82.3529411764706,SO,2,4,1008
46.15384615384615,SO,3,4,1008
75.0,NO,1,5,1008
50.0,NO,2,5,1008
45.0,NO,3,5,1008
73.6842105263158,DO,1,5,1008
52.63157894736842,DO,2,5,1008
46.666666666666664,DO,3,5,1008
68.75,SO,1,5,1008
60.0,SO,2,5,1008
31.25,SO,3,5,1008
100.0,NO,1,6,1008
60.0,NO,2,6,1008
65.0,NO,3,6,1008
95.0,DO,1,6,1008
57.89473684210526,DO,2,6,1008
33.333333333333336,DO,3,6,1008
94.73684210526316,SO,1,6,1008
44.44444444444444,SO,2,6,1008
46.15384615384615,SO,3,6,1008
95.0,NO,1,7,1008
45.0,NO,2,7,1008
50.0,NO,3,7,1008
100.0,DO,1,7,1008
52.94117647058823,DO,2,7,1008
63.1578947368421,DO,3,7,1008
94.73684210526316,SO,1,7,1008
30.76923076923077,SO,2,7,1008
75.0,SO,3,7,1008
85.0,NO,1,8,1008
65.0,NO,2,8,1008
40.0,NO,3,8,1008
90.0,DO,1,8,1008
60.0,DO,2,8,1008
52.94117647058823,DO,3,8,1008
76.47058823529412,SO,1,8,1008
87.5,SO,2,8,1008
41.1764705882353,SO,3,8,1008
75.0,NO,1,9,1008
45.0,NO,2,9,1008
60.0,NO,3,9,1008
77.77777777777777,DO,1,9,1008
23.076923076923077,DO,2,9,1008
68.75,DO,3,9,1008
88.88888888888889,SO,1,9,1008
66.66666666666667,SO,2,9,1008
56.25,SO,3,9,1008
95.0,NO,1,10,1008
40.0,NO,2,10,1008
45.0,NO,3,10,1008
94.73684210526316,DO,1,10,1008
47.05882352941177,DO,2,10,1008
50.0,DO,3,10,1008
89.47368421052632,SO,1,10,1008
53.333333333333336,SO,2,10,1008
57.142857142857146,SO,3,10,1008
80.0,NO,1,11,1008
40.0,NO,2,11,1008
20.0,NO,3,11,1008
78.94736842105263,DO,1,11,1008
33.333333333333336,DO,2,11,1008
29.41176470588235,DO,3,11,1008
94.44444444444444,SO,1,11,1008
38.888888888888886,SO,2,11,1008
35.294117647058826,SO,3,11,1008
100.0,NO,1,12,1008
75.0,NO,2,12,1008
35.0,NO,3,12,1008
100.0,DO,1,12,1008
55.55555555555556,DO,2,12,1008
26.666666666666668,DO,3,12,1008
94.73684210526316,SO,1,12,1008
93.33333333333333,SO,2,12,1008
30.0,SO,3,12,1008
100.0,NO,1,13,1008
75.0,NO,2,13,1008
45.0,NO,3,13,1008
100.0,DO,1,13,1008
76.47058823529412,DO,2,13,1008
42.857142857142854,DO,3,13,1008
94.44444444444444,SO,1,13,1008
86.66666666666667,SO,2,13,1008
10.0,SO,3,13,1008
100.0,NO,1,14,1008
50.0,NO,2,14,1008
50.0,NO,3,14,1008
95.0,DO,1,14,1008
42.857142857142854,DO,2,14,1008
35.714285714285715,DO,3,14,1008
100.0,SO,1,14,1008
54.54545454545455,SO,2,14,1008
72.72727272727273,SO,3,14,1008
100.0,NO,1,15,1008
80.0,NO,2,15,1008
60.0,NO,3,15,1008
100.0,DO,1,15,1008
95.0,DO,2,15,1008
60.0,DO,3,15,1008
94.73684210526316,SO,1,15,1008
100.0,SO,2,15,1008
50.0,SO,3,15,1008
95.0,NO,1,16,1008
80.0,NO,2,16,1008
25.0,NO,3,16,1008
100.0,DO,1,16,1008
85.0,DO,2,16,1008
21.428571428571427,DO,3,16,1008
100.0,SO,1,16,1008
94.11764705882354,SO,2,16,1008
33.333333333333336,SO,3,16,1008
100.0,NO,1,17,1008
90.0,NO,2,17,1008
50.0,NO,3,17,1008
100.0,DO,1,17,1008
88.88888888888889,DO,2,17,1008
25.0,DO,3,17,1008
100.0,SO,1,17,1008
100.0,SO,2,17,1008
27.272727272727273,SO,3,17,1008
85.0,NO,1,18,1008
80.0,NO,2,18,1008
30.0,NO,3,18,1008
100.0,DO,1,18,1008
86.66666666666667,DO,2,18,1008
26.666666666666668,DO,3,18,1008
100.0,SO,1,18,1008
80.0,SO,2,18,1008
11.11111111111111,SO,3,18,1008
100.0,NO,1,19,1008
85.0,NO,2,19,1008
50.0,NO,3,19,1008
100.0,DO,1,19,1008
88.88888888888889,DO,2,19,1008
33.333333333333336,DO,3,19,1008
100.0,SO,1,19,1008
88.88888888888889,SO,2,19,1008
50.0,SO,3,19,1008
90.0,NO,1,20,1008
90.0,NO,2,20,1008
50.0,NO,3,20,1008
100.0,DO,1,20,1008
81.25,DO,2,20,1008
83.33333333333333,DO,3,20,1008
100.0,SO,1,20,1008
86.66666666666667,SO,2,20,1008
36.36363636363637,SO,3,20,1008
75.0,NO,1,1,1009
30.0,NO,2,1,1009
75.0,NO,3,1,1009
80.0,DO,1,1,1009
66.66666666666667,DO,2,1,1009
55.55555555555556,DO,3,1,1009
81.81818181818181,SO,1,1,1009
42.857142857142854,SO,2,1,1009
44.44444444444444,SO,3,1,1009
95.0,NO,1,2,1009
90.0,NO,2,2,1009
60.0,NO,3,2,1009
94.73684210526316,DO,1,2,1009
100.0,DO,2,2,1009
75.0,DO,3,2,1009
100.0,SO,1,2,1009
91.66666666666667,SO,2,2,1009
36.36363636363637,SO,3,2,1009
95.0,NO,1,3,1009
80.0,NO,2,3,1009
45.0,NO,3,3,1009
85.0,DO,1,3,1009
80.0,DO,2,3,1009
25.0,DO,3,3,1009
94.11764705882354,SO,1,3,1009
80.0,SO,2,3,1009
15.384615384615385,SO,3,3,1009
95.0,NO,1,4,1009
60.0,NO,2,4,1009
75.0,NO,3,4,1009
94.44444444444444,DO,1,4,1009
42.857142857142854,DO,2,4,1009
50.0,DO,3,4,1009
88.88888888888889,SO,1,4,1009
66.66666666666667,SO,2,4,1009
78.57142857142857,SO,3,4,1009
95.0,NO,1,5,1009
40.0,NO,2,5,1009
35.0,NO,3,5,1009
100.0,DO,1,5,1009
41.666666666666664,DO,2,5,1009
55.55555555555556,DO,3,5,1009
94.73684210526316,SO,1,5,1009
50.0,SO,2,5,1009
40.0,SO,3,5,1009
95.0,NO,1,6,1009
40.0,NO,2,6,1009
30.0,NO,3,6,1009
95.0,DO,1,6,1009
25.0,DO,2,6,1009
37.5,DO,3,6,1009
100.0,SO,1,6,1009
63.63636363636363,SO,2,6,1009
50.0,SO,3,6,1009
85.0,NO,1,7,1009
50.0,NO,2,7,1009
50.0,NO,3,7,1009
88.88888888888889,DO,1,7,1009
54.54545454545455,DO,2,7,1009
28.571428571428573,DO,3,7,1009
87.5,SO,1,7,1009
57.142857142857146,SO,2,7,1009
30.76923076923077,SO,3,7,1009
90.0,NO,1,8,1009
80.0,NO,2,8,1009
30.0,NO,3,8,1009
100.0,DO,1,8,1009
100.0,DO,2,8,1009
71.42857142857143,DO,3,8,1009
100.0,SO,1,8,1009
86.66666666666667,SO,2,8,1009
50.0,SO,3,8,1009
95.0,NO,1,10,1009
55.0,NO,2,10,1009
50.0,NO,3,10,1009
93.75,DO,1,10,1009
100.0,DO,2,10,1009
75.0,DO,3,10,1009
95.0,SO,1,10,1009
72.72727272727273,SO,2,10,1009
66.66666666666667,SO,3,10,1009
85.0,NO,1,11,1009
75.0,NO,2,11,1009
75.0,NO,3,11,1009
100.0,DO,1,11,1009
71.42857142857143,DO,2,11,1009
68.42105263157895,DO,3,11,1009
88.23529411764706,SO,1,11,1009
81.81818181818181,SO,2,11,1009
87.5,SO,3,11,1009
80.0,NO,1,12,1009
65.0,NO,2,12,1009
30.0,NO,3,12,1009
100.0,DO,1,12,1009
33.333333333333336,DO,2,12,1009
37.5,DO,3,12,1009
93.33333333333333,SO,1,12,1009
75.0,SO,2,12,1009
20.0,SO,3,12,1009
100.0,NO,1,13,1009
40.0,NO,2,13,1009
40.0,NO,3,13,1009
100.0,DO,1,13,1009
71.42857142857143,DO,2,13,1009
22.22222222222222,DO,3,13,1009
90.0,SO,1,13,1009
66.66666666666667,SO,2,13,1009
70.0,SO,3,13,1009
100.0,NO,1,14,1009
65.0,NO,2,14,1009
55.0,NO,3,14,1009
100.0,DO,1,14,1009
100.0,DO,2,14,1009
75.0,DO,3,14,1009
100.0,SO,1,14,1009
91.66666666666667,SO,2,14,1009
57.142857142857146,SO,3,14,1009
95.0,NO,1,15,1009
45.0,NO,2,15,1009
50.0,NO,3,15,1009
100.0,DO,1,15,1009
80.0,DO,2,15,1009
27.272727272727273,DO,3,15,1009
100.0,SO,1,15,1009
70.0,SO,2,15,1009
11.11111111111111,SO,3,15,1009
65.0,NO,1,16,1009
55.0,NO,2,16,1009
60.0,NO,3,16,1009
100.0,DO,1,16,1009
58.333333333333336,DO,2,16,1009
71.42857142857143,DO,3,16,1009
91.66666666666667,SO,1,16,1009
63.63636363636363,SO,2,16,1009
42.857142857142854,SO,3,16,1009
95.0,NO,1,17,1009
80.0,NO,2,17,1009
55.0,NO,3,17,1009
100.0,DO,1,17,1009
100.0,DO,2,17,1009
55.55555555555556,DO,3,17,1009
100.0,SO,1,17,1009
100.0,SO,2,17,1009
71.42857142857143,SO,3,17,1009
95.0,NO,1,18,1009
85.0,NO,2,18,1009
45.0,NO,3,18,1009
94.73684210526316,DO,1,18,1009
92.85714285714286,DO,2,18,1009
50.0,DO,3,18,1009
100.0,SO,1,18,1009
88.88888888888889,SO,2,18,1009
85.71428571428571,SO,3,18,1009
100.0,NO,1,19,1009
80.0,NO,2,19,1009
65.0,NO,3,19,1009
100.0,DO,1,19,1009
100.0,DO,2,19,1009
75.0,DO,3,19,1009
100.0,SO,1,19,1009
94.11764705882354,SO,2,19,1009
100.0,SO,3,19,1009
95.0,NO,1,20,1009
30.0,NO,2,20,1009
50.0,NO,3,20,1009
100.0,DO,1,20,1009
50.0,DO,2,20,1009
40.0,DO,3,20,1009
94.73684210526316,SO,1,20,1009
12.5,SO,2,20,1009
20.0,SO,3,20,1009
65.0,NO,1,1,1010
60.0,NO,2,1,1010
65.0,NO,3,1,1010
75.0,DO,1,1,1010
62.5,DO,2,1,1010
46.15384615384615,DO,3,1,1010
89.47368421052632,SO,1,1,1010
85.71428571428571,SO,2,1,1010
41.666666666666664,SO,3,1,1010
95.0,NO,1,2,1010
90.0,NO,2,2,1010
75.0,NO,3,2,1010
100.0,DO,1,2,1010
95.0,DO,2,2,1010
100.0,DO,3,2,1010
100.0,SO,1,2,1010
100.0,SO,2,2,1010
100.0,SO,3,2,1010
90.0,NO,1,3,1010
65.0,NO,2,3,1010
45.0,NO,3,3,1010
100.0,DO,1,3,1010
55.55555555555556,DO,2,3,1010
36.8421052631579,DO,3,3,1010
88.23529411764706,SO,1,3,1010
50.0,SO,2,3,1010
20.0,SO,3,3,1010
75.0,NO,1,4,1010
50.0,NO,2,4,1010
30.0,NO,3,4,1010
85.0,DO,1,4,1010
37.5,DO,2,4,1010
33.333333333333336,DO,3,4,1010
75.0,SO,1,4,1010
64.70588235294117,SO,2,4,1010
35.714285714285715,SO,3,4,1010
90.0,NO,1,5,1010
60.0,NO,2,5,1010
75.0,NO,3,5,1010
85.0,DO,1,5,1010
28.571428571428573,DO,2,5,1010
61.111111111111114,DO,3,5,1010
82.3529411764706,SO,1,5,1010
64.70588235294117,SO,2,5,1010
64.70588235294117,SO,3,5,1010
85.0,NO,1,6,1010
80.0,NO,2,6,1010
60.0,NO,3,6,1010
95.0,DO,1,6,1010
85.0,DO,2,6,1010
22.22222222222222,DO,3,6,1010
94.44444444444444,SO,1,6,1010
84.21052631578948,SO,2,6,1010
53.333333333333336,SO,3,6,1010
95.0,NO,1,7,1010
85.0,NO,2,7,1010
55.0,NO,3,7,1010
100.0,DO,1,7,1010
85.0,DO,2,7,1010
42.10526315789474,DO,3,7,1010
100.0,SO,1,7,1010
84.21052631578948,SO,2,7,1010
42.857142857142854,SO,3,7,1010
95.0,NO,1,8,1010
55.0,NO,2,8,1010
45.0,NO,3,8,1010
95.0,DO,1,8,1010
63.1578947368421,DO,2,8,1010
33.333333333333336,DO,3,8,1010
94.73684210526316,SO,1,8,1010
61.111111111111114,SO,2,8,1010
62.5,SO,3,8,1010
100.0,NO,1,9,1010
60.0,NO,2,9,1010
40.0,NO,3,9,1010
95.0,DO,1,9,1010
33.333333333333336,DO,2,9,1010
37.5,DO,3,9,1010
85.71428571428571,SO,1,9,1010
64.28571428571429,SO,2,9,1010
25.0,SO,3,9,1010
95.0,NO,1,10,1010
90.0,NO,2,10,1010
50.0,NO,3,10,1010
88.88888888888889,DO,1,10,1010
81.25,DO,2,10,1010
53.333333333333336,DO,3,10,1010
89.47368421052632,SO,1,10,1010
93.75,SO,2,10,1010
60.0,SO,3,10,1010
90.0,NO,1,11,1010
80.0,NO,2,11,1010
10.0,NO,3,11,1010
94.73684210526316,DO,1,11,1010
83.33333333333333,DO,2,11,1010
38.46153846153846,DO,3,11,1010
100.0,SO,1,11,1010
94.44444444444444,SO,2,11,1010
37.5,SO,3,11,1010
95.0,NO,1,12,1010
70.0,NO,2,12,1010
55.0,NO,3,12,1010
100.0,DO,1,12,1010
84.21052631578948,DO,2,12,1010
73.33333333333333,DO,3,12,1010
94.73684210526316,SO,1,12,1010
88.23529411764706,SO,2,12,1010
66.66666666666667,SO,3,12,1010
90.0,NO,1,13,1010
50.0,NO,2,13,1010
40.0,NO,3,13,1010
76.47058823529412,DO,1,13,1010
50.0,DO,2,13,1010
38.888888888888886,DO,3,13,1010
87.5,SO,1,13,1010
43.75,SO,2,13,1010
46.666666666666664,SO,3,13,1010
100.0,NO,1,14,1010
75.0,NO,2,14,1010
40.0,NO,3,14,1010
100.0,DO,1,14,1010
75.0,DO,2,14,1010
52.94117647058823,DO,3,14,1010
100.0,SO,1,14,1010
84.21052631578948,SO,2,14,1010
58.333333333333336,SO,3,14,1010
100.0,NO,1,15,1010
90.0,NO,2,15,1010
25.0,NO,3,15,1010
100.0,DO,1,15,1010
65.0,DO,2,15,1010
40.0,DO,3,15,1010
100.0,SO,1,15,1010
100.0,SO,2,15,1010
57.142857142857146,SO,3,15,1010
100.0,NO,1,16,1010
85.0,NO,2,16,1010
40.0,NO,3,16,1010
100.0,DO,1,16,1010
100.0,DO,2,16,1010
41.1764705882353,DO,3,16,1010
100.0,SO,1,16,1010
90.0,SO,2,16,1010
40.0,SO,3,16,1010
95.0,NO,1,17,1010
50.0,NO,2,17,1010
55.0,NO,3,17,1010
93.75,DO,1,17,1010
73.33333333333333,DO,2,17,1010
53.333333333333336,DO,3,17,1010
78.94736842105263,SO,1,17,1010
69.23076923076923,SO,2,17,1010
55.55555555555556,SO,3,17,1010
90.0,NO,1,18,1010
80.0,NO,2,18,1010
75.0,NO,3,18,1010
100.0,DO,1,18,1010
66.66666666666667,DO,2,18,1010
66.66666666666667,DO,3,18,1010
100.0,SO,1,18,1010
36.8421052631579,SO,2,18,1010
94.11764705882354,SO,3,18,1010
90.0,NO,1,19,1010
75.0,NO,2,19,1010
45.0,NO,3,19,1010
90.0,DO,1,19,1010
72.22222222222223,DO,2,19,1010
46.666666666666664,DO,3,19,1010
92.85714285714286,SO,1,19,1010
88.88888888888889,SO,2,19,1010
55.55555555555556,SO,3,19,1010
80.0,NO,1,20,1010
45.0,NO,2,20,1010
35.0,NO,3,20,1010
83.33333333333333,DO,1,20,1010
33.333333333333336,DO,2,20,1010
16.666666666666668,DO,3,20,1010
78.94736842105263,SO,1,20,1010
36.8421052631579,SO,2,20,1010
47.05882352941177,SO,3,20,1010
60.0,NO,1,1,1011
50.0,NO,2,1,1011
55.0,NO,3,1,1011
92.85714285714286,DO,1,1,1011
28.571428571428573,DO,2,1,1011
50.0,DO,3,1,1011
75.0,SO,1,1,1011
55.55555555555556,SO,2,1,1011
42.857142857142854,SO,3,1,1011
100.0,NO,1,2,1011
80.0,NO,2,2,1011
50.0,NO,3,2,1011
100.0,DO,1,2,1011
80.0,DO,2,2,1011
50.0,DO,3,2,1011
91.66666666666667,SO,1,2,1011
100.0,SO,2,2,1011
66.66666666666667,SO,3,2,1011
90.0,NO,1,3,1011
20.0,NO,2,3,1011
85.0,NO,3,3,1011
92.3076923076923,DO,1,3,1011
42.857142857142854,DO,2,3,1011
80.0,DO,3,3,1011
91.66666666666667,SO,1,3,1011
75.0,SO,2,3,1011
100.0,SO,3,3,1011
80.0,NO,1,4,1011
30.0,NO,2,4,1011
15.0,NO,3,4,1011
83.33333333333333,DO,1,4,1011
33.333333333333336,DO,2,4,1011
14.285714285714286,DO,3,4,1011
83.33333333333333,SO,1,4,1011
37.5,SO,2,4,1011
25.0,SO,3,4,1011
80.0,NO,1,5,1011
55.0,NO,2,5,1011
45.0,NO,3,5,1011
100.0,DO,1,5,1011
50.0,DO,2,5,1011
40.0,DO,3,5,1011
100.0,SO,1,5,1011
66.66666666666667,SO,2,5,1011
66.66666666666667,SO,3,5,1011
100.0,NO,1,6,1011
100.0,NO,2,6,1011
100.0,NO,3,6,1011
100.0,DO,1,6,1011
100.0,DO,2,6,1011
100.0,DO,3,6,1011
100.0,SO,1,6,1011
100.0,SO,2,6,1011
100.0,SO,3,6,1011
95.0,NO,1,7,1011
40.0,NO,2,7,1011
65.0,NO,3,7,1011
100.0,DO,1,7,1011
38.46153846153846,DO,2,7,1011
69.23076923076923,DO,3,7,1011
100.0,SO,1,7,1011
66.66666666666667,SO,2,7,1011
100.0,SO,3,7,1011
65.0,NO,1,8,1011
40.0,NO,2,8,1011
70.0,NO,3,8,1011
93.75,DO,1,8,1011
33.333333333333336,DO,2,8,1011
66.66666666666667,DO,3,8,1011
88.88888888888889,SO,1,8,1011
83.33333333333333,SO,2,8,1011
42.857142857142854,SO,3,8,1011
95.0,NO,1,9,1011
50.0,NO,2,9,1011
65.0,NO,3,9,1011
100.0,DO,1,9,1011
50.0,DO,2,9,1011
0.0,DO,3,9,1011
100.0,SO,1,9,1011
71.42857142857143,SO,2,9,1011
0.0,SO,3,9,1011
95.0,NO,1,10,1011
50.0,NO,2,10,1011
50.0,NO,3,10,1011
100.0,DO,1,10,1011
28.571428571428573,DO,2,10,1011
55.55555555555556,DO,3,10,1011
100.0,SO,1,10,1011
40.0,SO,2,10,1011
0.0,SO,3,10,1011
95.0,NO,1,12,1011
47.36842105263158,NO,2,12,1011
60.0,NO,3,12,1011
100.0,DO,1,12,1011
75.0,DO,2,12,1011
50.0,DO,3,12,1011
100.0,SO,1,12,1011
75.0,SO,2,12,1011
0.0,SO,3,12,1011
90.0,NO,1,13,1011
25.0,NO,2,13,1011
40.0,NO,3,13,1011
100.0,DO,1,13,1011
50.0,DO,2,13,1011
28.571428571428573,DO,3,13,1011
100.0,SO,1,13,1011
44.44444444444444,SO,2,13,1011
16.666666666666668,SO,3,13,1011
100.0,NO,1,14,1011
90.0,NO,2,14,1011
50.0,NO,3,14,1011
100.0,DO,1,14,1011
100.0,DO,2,14,1011
36.36363636363637,DO,3,14,1011
94.11764705882354,SO,1,14,1011
100.0,SO,2,14,1011
42.857142857142854,SO,3,14,1011
100.0,NO,1,15,1011
80.0,NO,2,15,1011
35.0,NO,3,15,1011
100.0,DO,1,15,1011
91.66666666666667,DO,2,15,1011
50.0,DO,3,15,1011
100.0,SO,1,15,1011
80.0,SO,2,15,1011
16.666666666666668,SO,3,15,1011
95.0,NO,1,16,1011
85.0,NO,2,16,1011
30.0,NO,3,16,1011
94.73684210526316,DO,1,16,1011
92.3076923076923,DO,2,16,1011
45.45454545454545,DO,3,16,1011
93.33333333333333,SO,1,16,1011
100.0,SO,2,16,1011
50.0,SO,3,16,1011
85.0,NO,1,17,1011
75.0,NO,2,17,1011
35.0,NO,3,17,1011
94.73684210526316,DO,1,17,1011
93.33333333333333,DO,2,17,1011
36.36363636363637,DO,3,17,1011
100.0,SO,1,17,1011
100.0,SO,2,17,1011
55.55555555555556,SO,3,17,1011
75.0,NO,1,19,1011
95.0,NO,2,19,1011
40.0,NO,3,19,1011
94.11764705882354,DO,1,19,1011
85.71428571428571,DO,2,19,1011
58.333333333333336,DO,3,19,1011
92.85714285714286,SO,1,19,1011
100.0,SO,2,19,1011
50.0,SO,3,19,1011
75.0,NO,1,20,1011
85.0,NO,2,20,1011
35.0,NO,3,20,1011
76.92307692307692,DO,1,20,1011
92.3076923076923,DO,2,20,1011
25.0,DO,3,20,1011
100.0,SO,1,20,1011
72.72727272727273,SO,2,20,1011
33.333333333333336,SO,3,20,1011
100.0,NO,1,1,1012
85.0,NO,2,1,1012
55.0,NO,3,1,1012
100.0,DO,1,1,1012
84.61538461538461,DO,2,1,1012
66.66666666666667,DO,3,1,1012
94.11764705882354,SO,1,1,1012
86.66666666666667,SO,2,1,1012
40.0,SO,3,1,1012
90.0,NO,1,2,1012
50.0,NO,2,2,1012
55.0,NO,3,2,1012
94.73684210526316,DO,1,2,1012
86.66666666666667,DO,2,2,1012
20.0,DO,3,2,1012
100.0,SO,1,2,1012
50.0,SO,2,2,1012
40.0,SO,3,2,1012
80.0,NO,1,3,1012
45.0,NO,2,3,1012
55.0,NO,3,3,1012
100.0,DO,1,3,1012
52.94117647058823,DO,2,3,1012
70.58823529411765,DO,3,3,1012
87.5,SO,1,3,1012
63.63636363636363,SO,2,3,1012
30.76923076923077,SO,3,3,1012
85.0,NO,1,4,1012
55.0,NO,2,4,1012
55.0,NO,3,4,1012
100.0,DO,1,4,1012
26.31578947368421,DO,2,4,1012
55.55555555555556,DO,3,4,1012
90.0,SO,1,4,1012
41.1764705882353,SO,2,4,1012
53.333333333333336,SO,3,4,1012
90.0,NO,1,5,1012
60.0,NO,2,5,1012
40.0,NO,3,5,1012
90.0,DO,1,5,1012
63.1578947368421,DO,2,5,1012
52.94117647058823,DO,3,5,1012
94.44444444444444,SO,1,5,1012
58.8235294117647,SO,2,5,1012
31.25,SO,3,5,1012
95.0,NO,1,6,1012
60.0,NO,2,6,1012
65.0,NO,3,6,1012
94.73684210526316,DO,1,6,1012
77.77777777777777,DO,2,6,1012
72.22222222222223,DO,3,6,1012
95.0,SO,1,6,1012
58.333333333333336,SO,2,6,1012
66.66666666666667,SO,3,6,1012
100.0,NO,1,7,1012
70.0,NO,2,7,1012
90.0,NO,3,7,1012
100.0,DO,1,7,1012
55.0,DO,2,7,1012
73.6842105263158,DO,3,7,1012
94.44444444444444,SO,1,7,1012
64.70588235294117,SO,2,7,1012
77.77777777777777,SO,3,7,1012
90.0,NO,1,8,1012
40.0,NO,2,8,1012
75.0,NO,3,8,1012
100.0,DO,1,8,1012
30.0,DO,2,8,1012
90.0,DO,3,8,1012
100.0,SO,1,8,1012
75.0,SO,2,8,1012
66.66666666666667,SO,3,8,1012
100.0,NO,1,9,1012
50.0,NO,2,9,1012
45.0,NO,3,9,1012
77.77777777777777,DO,1,9,1012
72.22222222222223,DO,2,9,1012
70.0,DO,3,9,1012
83.33333333333333,SO,1,9,1012
70.58823529411765,SO,2,9,1012
87.5,SO,3,9,1012
80.0,NO,1,10,1012
40.0,NO,2,10,1012
55.0,NO,3,10,1012
68.42105263157895,DO,1,10,1012
25.0,DO,2,10,1012
52.63157894736842,DO,3,10,1012
70.0,SO,1,10,1012
25.0,SO,2,10,1012
45.0,SO,3,10,1012
100.0,NO,1,11,1012
60.0,NO,2,11,1012
35.0,NO,3,11,1012
100.0,DO,1,11,1012
25.0,DO,2,11,1012
76.92307692307692,DO,3,11,1012
90.0,SO,1,11,1012
38.888888888888886,SO,2,11,1012
42.857142857142854,SO,3,11,1012
90.0,NO,1,12,1012
50.0,NO,2,12,1012
55.0,NO,3,12,1012
95.0,DO,1,12,1012
50.0,DO,2,12,1012
25.0,DO,3,12,1012
94.73684210526316,SO,1,12,1012
45.0,SO,2,12,1012
50.0,SO,3,12,1012
70.0,NO,1,13,1012
50.0,NO,2,13,1012
40.0,NO,3,13,1012
61.111111111111114,DO,1,13,1012
65.0,DO,2,13,1012
20.0,DO,3,13,1012
75.0,SO,1,13,1012
52.63157894736842,SO,2,13,1012
35.714285714285715,SO,3,13,1012
95.0,NO,1,14,1012
90.0,NO,2,14,1012
35.0,NO,3,14,1012
100.0,DO,1,14,1012
77.77777777777777,DO,2,14,1012
42.10526315789474,DO,3,14,1012
100.0,SO,1,14,1012
100.0,SO,2,14,1012
55.55555555555556,SO,3,14,1012
95.0,NO,1,15,1012
80.0,NO,2,15,1012
45.0,NO,3,15,1012
100.0,DO,1,15,1012
95.0,DO,2,15,1012
33.333333333333336,DO,3,15,1012
100.0,SO,1,15,1012
75.0,SO,2,15,1012
43.75,SO,3,15,1012
100.0,NO,1,16,1012
95.0,NO,2,16,1012
30.0,NO,3,16,1012
100.0,DO,1,16,1012
95.0,DO,2,16,1012
42.10526315789474,DO,3,16,1012
100.0,SO,1,16,1012
94.11764705882354,SO,2,16,1012
36.8421052631579,SO,3,16,1012
95.0,NO,1,17,1012
90.0,NO,2,17,1012
35.0,NO,3,17,1012
100.0,DO,1,17,1012
76.47058823529412,DO,2,17,1012
50.0,DO,3,17,1012
100.0,SO,1,17,1012
93.33333333333333,SO,2,17,1012
35.294117647058826,SO,3,17,1012
90.0,NO,1,18,1012
75.0,NO,2,18,1012
40.0,NO,3,18,1012
84.21052631578948,DO,1,18,1012
80.0,DO,2,18,1012
55.0,DO,3,18,1012
83.33333333333333,SO,1,18,1012
45.0,SO,2,18,1012
35.0,SO,3,18,1012
90.0,NO,1,19,1012
30.0,NO,2,19,1012
35.0,NO,3,19,1012
75.0,DO,1,19,1012
25.0,DO,2,19,1012
27.77777777777778,DO,3,19,1012
63.1578947368421,SO,1,19,1012
50.0,SO,2,19,1012
20.0,SO,3,19,1012
100.0,NO,1,20,1012
30.0,NO,2,20,1012
35.0,NO,3,20,1012
95.0,DO,1,20,1012
50.0,DO,2,20,1012
57.89473684210526,DO,3,20,1012
100.0,SO,1,20,1012
42.10526315789474,SO,2,20,1012
44.44444444444444,SO,3,20,1012
70.0,NO,1,1,1013
55.0,NO,2,1,1013
45.0,NO,3,1,1013
94.73684210526316,DO,1,1,1013
50.0,DO,2,1,1013
23.529411764705884,DO,3,1,1013
85.71428571428571,SO,1,1,1013
55.55555555555556,SO,2,1,1013
23.076923076923077,SO,3,1,1013
75.0,NO,1,2,1013
65.0,NO,2,2,1013
45.0,NO,3,2,1013
78.94736842105263,DO,1,2,1013
50.0,DO,2,2,1013
23.076923076923077,DO,3,2,1013
64.28571428571429,SO,1,2,1013
42.857142857142854,SO,2,2,1013
45.45454545454545,SO,3,2,1013
90.0,NO,1,3,1013
75.0,NO,2,3,1013
45.0,NO,3,3,1013
90.0,DO,1,3,1013
68.75,DO,2,3,1013
61.111111111111114,DO,3,3,1013
100.0,SO,1,3,1013
71.42857142857143,SO,2,3,1013
64.28571428571429,SO,3,3,1013
90.0,NO,1,4,1013
55.0,NO,2,4,1013
70.0,NO,3,4,1013
89.47368421052632,DO,1,4,1013
64.70588235294117,DO,2,4,1013
47.05882352941177,DO,3,4,1013
100.0,SO,1,4,1013
68.75,SO,2,4,1013
76.92307692307692,SO,3,4,1013
80.0,NO,1,5,1013
95.0,NO,2,5,1013
55.0,NO,3,5,1013
80.0,DO,1,5,1013
90.0,DO,2,5,1013
47.36842105263158,DO,3,5,1013
88.88888888888889,SO,1,5,1013
72.22222222222223,SO,2,5,1013
47.05882352941177,SO,3,5,1013
80.0,NO,1,6,1013
45.0,NO,2,6,1013
25.0,NO,3,6,1013
89.47368421052632,DO,1,6,1013
60.0,DO,2,6,1013
57.89473684210526,DO,3,6,1013
94.11764705882354,SO,1,6,1013
62.5,SO,2,6,1013
30.0,SO,3,6,1013
90.0,NO,1,7,1013
70.0,NO,2,7,1013
55.0,NO,3,7,1013
84.21052631578948,DO,1,7,1013
84.21052631578948,DO,2,7,1013
72.22222222222223,DO,3,7,1013
80.0,SO,1,7,1013
100.0,SO,2,7,1013
35.714285714285715,SO,3,7,1013
90.0,NO,1,8,1013
70.0,NO,2,8,1013
45.0,NO,3,8,1013
94.11764705882354,DO,1,8,1013
57.142857142857146,DO,2,8,1013
54.54545454545455,DO,3,8,1013
81.25,SO,1,8,1013
77.77777777777777,SO,2,8,1013
58.333333333333336,SO,3,8,1013
80.0,NO,1,9,1013
45.0,NO,2,9,1013
65.0,NO,3,9,1013
100.0,DO,1,9,1013
25.0,DO,2,9,1013
55.55555555555556,DO,3,9,1013
93.75,SO,1,9,1013
25.0,SO,2,9,1013
41.666666666666664,SO,3,9,1013
80.0,NO,1,10,1013
50.0,NO,2,10,1013
50.0,NO,3,10,1013
81.25,DO,1,10,1013
50.0,DO,2,10,1013
12.5,DO,3,10,1013
61.53846153846154,SO,1,10,1013
73.33333333333333,SO,2,10,1013
23.076923076923077,SO,3,10,1013
95.0,NO,1,11,1013
95.0,NO,2,11,1013
45.0,NO,3,11,1013
90.0,DO,1,11,1013
94.44444444444444,DO,2,11,1013
18.75,DO,3,11,1013
95.0,SO,1,11,1013
80.0,SO,2,11,1013
71.42857142857143,SO,3,11,1013
90.0,NO,1,12,1013
85.0,NO,2,12,1013
50.0,NO,3,12,1013
94.73684210526316,DO,1,12,1013
84.21052631578948,DO,2,12,1013
23.076923076923077,DO,3,12,1013
100.0,SO,1,12,1013
71.42857142857143,SO,2,12,1013
30.76923076923077,SO,3,12,1013
95.0,NO,1,13,1013
65.0,NO,2,13,1013
40.0,NO,3,13,1013
80.0,DO,1,13,1013
70.0,DO,2,13,1013
47.05882352941177,DO,3,13,1013
90.0,SO,1,13,1013
86.66666666666667,SO,2,13,1013
33.333333333333336,SO,3,13,1013
95.0,NO,1,14,1013
85.0,NO,2,14,1013
45.0,NO,3,14,1013
73.6842105263158,DO,1,14,1013
94.11764705882354,DO,2,14,1013
50.0,DO,3,14,1013
85.71428571428571,SO,1,14,1013
70.0,SO,2,14,1013
50.0,SO,3,14,1013
95.0,NO,1,15,1013
55.0,NO,2,15,1013
55.0,NO,3,15,1013
81.25,DO,1,15,1013
84.21052631578948,DO,2,15,1013
46.666666666666664,DO,3,15,1013
87.5,SO,1,15,1013
90.0,SO,2,15,1013
66.66666666666667,SO,3,15,1013
95.0,NO,1,16,1013
85.0,NO,2,16,1013
75.0,NO,3,16,1013
100.0,DO,1,16,1013
71.42857142857143,DO,2,16,1013
66.66666666666667,DO,3,16,1013
100.0,SO,1,16,1013
100.0,SO,2,16,1013
100.0,SO,3,16,1013
100.0,NO,1,17,1013
65.0,NO,2,17,1013
65.0,NO,3,17,1013
94.44444444444444,DO,1,17,1013
100.0,DO,2,17,1013
64.28571428571429,DO,3,17,1013
100.0,SO,1,17,1013
86.66666666666667,SO,2,17,1013
62.5,SO,3,17,1013
90.0,NO,1,18,1013
55.0,NO,2,18,1013
85.0,NO,3,18,1013
93.75,DO,1,18,1013
33.333333333333336,DO,2,18,1013
87.5,DO,3,18,1013
100.0,SO,1,18,1013
62.5,SO,2,18,1013
60.0,SO,3,18,1013
90.0,NO,1,19,1013
55.0,NO,2,19,1013
75.0,NO,3,19,1013
92.85714285714286,DO,1,19,1013
60.0,DO,2,19,1013
100.0,DO,3,19,1013
100.0,SO,1,19,1013
16.666666666666668,SO,2,19,1013
70.0,SO,3,19,1013
70.0,NO,1,20,1013
40.0,NO,2,20,1013
45.0,NO,3,20,1013
76.47058823529412,DO,1,20,1013
71.42857142857143,DO,2,20,1013
50.0,DO,3,20,1013
100.0,SO,1,20,1013
54.54545454545455,SO,2,20,1013
25.0,SO,3,20,1013
60.0,NO,1,1,1014
30.0,NO,2,1,1014
45.0,NO,3,1,1014
69.23076923076923,DO,1,1,1014
60.0,DO,2,1,1014
57.142857142857146,DO,3,1,1014
91.66666666666667,SO,1,1,1014
41.666666666666664,SO,2,1,1014
45.45454545454545,SO,3,1,1014
90.0,NO,1,2,1014
65.0,NO,2,2,1014
70.0,NO,3,2,1014
100.0,DO,1,2,1014
54.54545454545455,DO,2,2,1014
80.0,DO,3,2,1014
90.0,SO,1,2,1014
66.66666666666667,SO,2,2,1014
72.72727272727273,SO,3,2,1014
85.0,NO,1,3,1014
45.0,NO,2,3,1014
20.0,NO,3,3,1014
87.5,DO,1,3,1014
69.23076923076923,DO,2,3,1014
28.571428571428573,DO,3,3,1014
70.0,SO,1,3,1014
9.090909090909092,SO,2,3,1014
25.0,SO,3,3,1014
95.0,NO,1,4,1014
60.0,NO,2,4,1014
25.0,NO,3,4,1014
100.0,DO,1,4,1014
72.72727272727273,DO,2,4,1014
63.63636363636363,DO,3,4,1014
100.0,SO,1,4,1014
57.142857142857146,SO,2,4,1014
37.5,SO,3,4,1014
90.0,NO,1,5,1014
75.0,NO,2,5,1014
50.0,NO,3,5,1014
80.0,DO,1,5,1014
50.0,DO,2,5,1014
83.33333333333333,DO,3,5,1014
100.0,SO,1,5,1014
50.0,SO,2,5,1014
66.66666666666667,SO,3,5,1014
85.0,NO,1,6,1014
45.0,NO,2,6,1014
60.0,NO,3,6,1014
92.85714285714286,DO,1,6,1014
33.333333333333336,DO,2,6,1014
56.25,DO,3,6,1014
75.0,SO,1,6,1014
42.857142857142854,SO,2,6,1014
54.54545454545455,SO,3,6,1014
90.0,NO,1,7,1014
55.0,NO,2,7,1014
70.0,NO,3,7,1014
100.0,DO,1,7,1014
76.92307692307692,DO,2,7,1014
61.53846153846154,DO,3,7,1014
86.66666666666667,SO,1,7,1014
75.0,SO,2,7,1014
57.142857142857146,SO,3,7,1014
80.0,NO,1,8,1014
35.0,NO,2,8,1014
40.0,NO,3,8,1014
81.81818181818181,DO,1,8,1014
50.0,DO,2,8,1014
0.0,DO,3,8,1014
91.66666666666667,SO,1,8,1014
50.0,SO,2,8,1014
25.0,SO,3,8,1014
90.0,NO,1,9,1014
40.0,NO,2,9,1014
20.0,NO,3,9,1014
85.71428571428571,DO,1,9,1014
54.54545454545455,DO,2,9,1014
10.0,DO,3,9,1014
83.33333333333333,SO,1,9,1014
33.333333333333336,SO,2,9,1014
41.666666666666664,SO,3,9,1014
90.0,NO,1,10,1014
80.0,NO,2,10,1014
45.0,NO,3,10,1014
100.0,DO,1,10,1014
70.0,DO,2,10,1014
75.0,DO,3,10,1014
100.0,SO,1,10,1014
60.0,SO,2,10,1014
72.72727272727273,SO,3,10,1014
90.0,NO,1,11,1014
60.0,NO,2,11,1014
50.0,NO,3,11,1014
84.21052631578948,DO,1,11,1014
42.857142857142854,DO,2,11,1014
50.0,DO,3,11,1014
94.44444444444444,SO,1,11,1014
56.25,SO,2,11,1014
30.0,SO,3,11,1014
85.0,NO,1,13,1014
45.0,NO,2,13,1014
15.0,NO,3,13,1014
82.3529411764706,DO,1,13,1014
58.333333333333336,DO,2,13,1014
60.0,DO,3,13,1014
84.61538461538461,SO,1,13,1014
13.333333333333334,SO,2,13,1014
14.285714285714286,SO,3,13,1014
90.0,NO,1,14,1014
85.0,NO,2,14,1014
45.0,NO,3,14,1014
100.0,DO,1,14,1014
100.0,DO,2,14,1014
22.22222222222222,DO,3,14,1014
88.23529411764706,SO,1,14,1014
83.33333333333333,SO,2,14,1014
33.333333333333336,SO,3,14,1014
100.0,NO,1,15,1014
85.0,NO,2,15,1014
50.0,NO,3,15,1014
100.0,DO,1,15,1014
100.0,DO,2,15,1014
50.0,DO,3,15,1014
94.73684210526316,SO,1,15,1014
86.66666666666667,SO,2,15,1014
60.0,SO,3,15,1014
95.0,NO,1,16,1014
55.0,NO,2,16,1014
80.0,NO,3,16,1014
100.0,DO,1,16,1014
66.66666666666667,DO,2,16,1014
64.28571428571429,DO,3,16,1014
86.66666666666667,SO,1,16,1014
25.0,SO,2,16,1014
72.72727272727273,SO,3,16,1014
95.0,NO,1,17,1014
85.0,NO,2,17,1014
50.0,NO,3,17,1014
100.0,DO,1,17,1014
81.81818181818181,DO,2,17,1014
28.571428571428573,DO,3,17,1014
100.0,SO,1,17,1014
92.3076923076923,SO,2,17,1014
33.333333333333336,SO,3,17,1014
90.0,NO,1,18,1014
70.0,NO,2,18,1014
65.0,NO,3,18,1014
95.0,DO,1,18,1014
81.81818181818181,DO,2,18,1014
55.55555555555556,DO,3,18,1014
94.44444444444444,SO,1,18,1014
66.66666666666667,SO,2,18,1014
85.71428571428571,SO,3,18,1014
70.0,NO,1,19,1014
40.0,NO,2,19,1014
30.0,NO,3,19,1014
88.23529411764706,DO,1,19,1014
28.571428571428573,DO,2,19,1014
40.0,DO,3,19,1014
78.57142857142857,SO,1,19,1014
43.75,SO,2,19,1014
45.45454545454545,SO,3,19,1014
80.0,NO,1,20,1014
65.0,NO,2,20,1014
25.0,NO,3,20,1014
86.66666666666667,DO,1,20,1014
61.53846153846154,DO,2,20,1014
16.666666666666668,DO,3,20,1014
76.92307692307692,SO,1,20,1014
60.0,SO,2,20,1014
10.0,SO,3,20,1014
