slope_RT,slope_DO,slope_SO,intercept_RT,intercept_DO,intercept_SO,user_sessionID
0.07756435569306859,17.797979662206576,37.92624441565568,1.0148564820016495,54.37010046903768,32.3484308119971,991_1
0.34501182462826113,32.31160695448278,46.04847254967814,0.8889039375825817,25.701790757776806,20.830737755208684,991_2
0.3042868878506384,30.758083560321104,66.17673730312723,1.0180134454302963,33.2963041751623,33.80906809816811,991_3
0.22157231334695596,24.366684402067357,37.149482718574845,1.0104922205827687,55.446920829634756,46.14568752068984,991_4
0.0516787796128687,41.98735848266691,33.26567423317065,1.0975857112495377,31.589584283602886,45.13197106415359,991_5
0.08248876652327189,24.189378820460327,-4.8378757640920655,1.0198451326093634,27.219483814565216,64.55610323708696,991_6
0.2268327893109669,31.357539675794918,50.8863483137702,1.1349446854499026,31.271610451400008,21.274634518121726,991_7
0.10257789909809992,4.837875764092058,-6.5687047398607685,0.9302493468214402,55.44389676291305,68.92317963940292,991_8
0.05724668107092169,41.21059678558607,33.26567423317064,0.9859912876015822,5.386840992295639,25.131971064153596,991_9
0.18010829204640014,11.40658050395284,-4.061114067011227,0.9515086711531401,21.520717123510124,65.75884652839422,991_10
0.17753345857161354,4.2384196486182555,37.326788300181875,0.9160091274819575,27.468590486675332,29.373124535759384,991_11
0.12175048026760354,61.516167120642194,29.80401628163324,1.0262655930946267,6.5926083503246105,28.866123868785504,991_12
-0.1019486219264649,19.351503056368262,-13.736865595195356,1.135392934387551,51.775587051652174,74.87105300256812,991_13
0.19963263079282575,51.84041559245807,46.22577813128516,0.9276319797909275,15.704814824498513,19.058174770278224,991_14
0.12371958079700193,46.04847254967814,21.681788147610774,0.9849387998402508,35.83073775520869,35.38381692557393,991_15
0.18155602148439845,47.77930152544685,28.42779846907858,0.9538079954939609,21.46366135289272,29.688074301240547,991_16
0.33844802701003385,51.663110010851035,25.742902214622006,0.933338503534122,27.477377809428983,24.62497039717972,991_17
0.30399316868816634,16.244456268044903,58.23181475071182,0.9007169426648174,41.964613886423166,8.554198170026062,991_18
0.1209378931722462,22.635855426298654,45.449016434204324,0.9256558382466733,29.813997231950715,2.8554314789709743,991_19
0.02665357450036472,37.149482718574845,48.55606322252768,0.9968782391974869,26.145687520689847,12.666404644199972,991_20
0.36463209708236055,-5.791943042779934,9.675751528184131,0.9029454150995571,25.125922930710168,25.887793525826087,992_1
0.207923220466114,36.37272102149401,43.54088187682859,0.8591564622874766,19.94294422938259,18.99507086621739,992_2
0.15903817443300944,30.758083560321097,23.589922704986513,0.952679575739289,13.296304175162305,44.24417753832751,992_3
0.15872709765899398,38.10354999726272,9.675751528184131,0.8766027594099827,10.575867827066638,30.887793525826083,992_4
0.4166521686111483,4.061114067011227,8.122228134022453,0.7267657400025009,19.241153471605795,48.48230694321159,992_5
0.11387388529916066,9.076295412710321,0.7767616970808392,1.000955204447327,37.91248724958838,96.20274329130726,992_6
0.09163133700467237,6.568704739860774,9.853057109791159,0.9023527054802665,26.076820360597083,29.115230540895627,992_7
0.13685590422766955,28.42779846907858,38.10354999726272,0.9441986102180527,4.688074301240551,5.575867827066634,992_8
0.07816899807020444,13.736865595195356,1.5535233941616784,0.9669888207436378,15.128946997431878,42.4054865826145,992_9
-0.14841206272690216,14.690932873883225,-5.437331879565875,1.1329091581782107,14.559127303808669,51.58079696084925,992_10
0.2603812705342126,12.006036619426649,12.960103898114518,0.9395346658690565,4.4960233997478385,28.926203706124625,992_11
0.40162574927198996,7.345466436941613,13.736865595195356,0.8228021327985412,37.27956365190433,20.12894699743188,992_12
-0.039332002182868996,12.960103898114518,17.620674080599553,0.971872738924493,13.92620370612463,16.142663453968133,992_13
0.429274846976131,38.10354999726272,35.595959324413165,0.867968504521831,0.5758678270666344,28.740200938075347,992_14
0.6128606701061131,17.021217965125743,25.143446099148196,0.6718205695506978,38.16735717773042,26.649664120942006,992_15
0.44100830299791044,37.92624441565569,37.149482718574845,0.7775333806272827,17.348430811997094,31.145687520689847,992_16
0.12160303619414388,24.189378820460327,39.65707339142439,0.9443131345528957,2.219483814565219,27.98135440968114,992_17
0.4825470624291685,48.556063222527676,25.920207796229036,0.7838915692924362,2.6664046441999787,27.85240741224926,992_18
0.0902186779273998,4.8378757640920655,6.568704739860774,0.9809426252156098,15.443896762913042,26.076820360597083,992_19
0.2416727882648041,36.37272102149401,41.98735848266691,1.0663219761684988,9.942944229382594,16.589584283602886,992_20
0.2694623669024041,0.7767616970808392,-9.076295412710321,0.933612834727709,31.20274329130725,47.08751275041162,993_1
0.14370311653603618,-6.391399158253745,9.675751528184131,0.9780095877173158,17.150616654472458,15.887793525826087,993_2
0.11506167405733957,-0.1773055816070295,19.351503056368262,0.9020813067783973,21.772562984930463,26.775587051652174,993_3
0.06839812636599184,0.7767616970808392,11.229274922345807,0.9554236034114646,16.20274329130725,23.29328010844059,993_4
0.07128203929035556,-0.7767616970808392,-14.513627292276196,0.9061035113490472,8.79725670869275,23.668309711260868,993_5
0.08923015952794827,4.8378757640920655,14.513627292276196,0.9384227679012784,20.44389676291304,21.331690288739132,993_6
0.07960214359138314,-10.452513225264969,21.082332032136968,0.9628839884300946,17.90946318286666,17.408510649336215,993_7
0.12701759513873281,-7.168160855334585,0.7767616970808392,0.878138723379956,20.947873363165208,21.20274329130725,993_8
0.04508893408963576,10.452513225264969,10.452513225264969,0.9685154484844085,2.090536817133339,12.090536817133337,993_9
0.12827889281420307,4.061114067011226,6.391399158253743,0.9859237069567424,9.241153471605791,17.849383345527546,993_10
0.018833016940885242,-2.507590672849547,24.189378820460327,0.9837785044094571,8.164333111008709,12.21948381456522,993_11
0.03052369987887597,3.107046788323357,0.7767616970808392,0.9559967391992529,9.810973165229003,16.20274329130725,993_12
-0.026627030601982637,17.975285243813612,21.859093729217808,0.8874537601967816,17.59753748410721,8.611253940643467,993_13
0.09165441536225273,20.305570335056128,19.17419747476123,0.857816176964737,16.205767358028965,13.548150036582637,993_14
0.18069324876799922,32.31160695448278,23.412617123379484,0.9794395004906561,0.7017907577768057,11.016740523257969,993_15
0.22750735644762127,7.345466436941613,7.345466436941613,0.9101179022765007,17.279563651904336,27.279563651904336,993_16
-0.06183460438538275,19.351503056368262,17.620674080599553,1.0527956395713356,6.775587051652172,11.142663453968135,993_17
0.25917284617478625,28.42779846907858,27.651036771997745,0.8502188591135351,4.688074301240551,13.485331009933297,993_18
-0.007365483268539849,23.589922704986513,27.473731190390712,0.978986878366734,-0.7558224616724907,5.25789399486376,993_19
0.011707202550238605,31.534845257401944,65.57728118765343,0.9884547539875514,-0.5009525335304517,-4.166238178069605,993_20
0.4397458027115254,47.002539828366004,62.11562323611601,0.8168121613712758,5.260918061585475,4.567914626562313,994_1
0.3461503992951683,25.920207796229036,9.675751528184131,0.8254520433028267,27.85240741224926,35.88779352582608,994_2
0.18403731307879512,14.336321710669166,54.17070068370059,0.8613109758095381,18.104253273669592,19.313044698420264,994_3
0.18450557062906497,45.094405270990265,30.580777978714075,0.8937646382678077,21.400557448831897,35.068867160092765,994_4
0.18680853867568245,38.880311694343554,41.21059678558607,0.9305866018328206,11.778611118373888,5.386840992295639,994_5
-0.0029201336262014194,16.843912383518713,43.54088187682859,0.9117452191246497,19.939920162660883,18.99507086621739,994_6
0.3128182832497241,56.500985774943096,42.94142576135477,0.8745375983415199,7.921274572342021,11.019764589979683,994_7
0.36464966630907436,25.742902214622006,27.29642560878368,0.8853487752676361,19.62497039717972,22.030456979794227,994_8
0.24618705855095102,48.378757640920654,53.99339510209355,0.8248014678711564,4.438967629130438,6.085607683350737,994_9
0.3009362636788266,53.393938986619744,54.17070068370059,0.8431323403490126,-1.8896985928869796,4.3130446984202635,994_10
0.38231993362384753,51.06365389537723,31.534845257401933,0.8683937116833643,14.502071533191266,14.499047466469559,994_11
0.3125029338018532,40.61114067011226,49.33282491960852,0.9210678477927101,-2.588465283942071,-1.1308520644927746,994_12
0.3484290128240466,32.13430137287575,31.712150839008967,0.8374793048006985,7.474353742707265,22.726484481539092,994_13
0.30077354846907145,33.26567423317065,33.26567423317065,0.8191937350206322,10.131971064153593,10.131971064153593,994_14
0.2030081169077867,-4.8378757640920655,36.55002660310104,0.8433965111517058,39.55610323708695,23.170381244452134,994_15
0.3140866062089338,38.880311694343554,44.67225473712349,0.8389069392312659,-3.221388881626112,1.6526881876637205,994_16
0.42415503742451854,61.516167120642194,48.556063222527676,0.7877413481731237,-3.4073916496753895,2.6664046441999787,994_17
0.1894642790013535,33.86513034864445,29.80401628163323,0.8764139486628794,3.1072773403913097,18.86612386878551,994_18
0.3116820074796714,38.10354999726272,26.696969493309872,0.9406074735486771,0.5758678270666344,19.05515070355651,994_19
0.3456876907058059,48.55606322252768,25.742902214622006,0.8770838474877285,-2.333595355800025,19.62497039717972,994_20
0.0008618766363535774,0.0,12.183342201033678,1.0194696360613305,0.0,-2.276539585182622,995_1
0.017322131397927733,0.0,0.0,0.9878638635119522,0.0,0.0,995_2
-0.07646637974993027,0.0,0.0,1.026351412154304,0.0,0.0,995_3
-0.026088912223859853,0.0,-9.675751528184131,0.9967078646376143,0.0,9.112206474173913,995_4
0.2672322727809677,0.0,11.40658050395284,0.9029274700547509,0.0,1.5207171235101278,995_5
0.5162634758988437,0.0,62.29292881772304,0.8097889841846436,0.0,22.795351641631854,995_6
-0.0659919797751678,0.0,12.183342201033678,1.0231407495902414,0.0,27.723460414817378,995_7
0.17889023368615228,0.0,48.55606322252768,0.8982211207474763,0.0,17.66640464419997,995_8
0.05875901490546367,0.0,36.55002660310104,0.9568016530683635,0.0,23.170381244452134,995_9
0.02792177207050181,0.0,23.589922704986513,0.9815483255607587,0.0,34.24417753832751,995_10
0.18907575094771398,0.0,39.47976780981736,0.9165098339091412,0.0,19.7539173946116,995_11
-0.008208412449717081,0.0,37.14948271857485,0.9632989281129851,0.0,16.145687520689844,995_12
0.08313571181893996,0.0,35.595959324413165,0.966055312735884,0.0,23.740200938075347,995_13
0.20385139904092925,0.0,38.703006112736524,0.9927298257782535,0.0,18.551174103304344,995_14
0.45878248349439715,17.021217965125743,55.9015296594693,0.8812990002770635,3.1673571777304232,24.94596829610431,995_15
0.32510136427121583,0.0,8.898989831103291,0.8404697622645153,0.0,39.68505023451884,995_16
0.16292279880024008,10.452513225264969,25.920207796229025,0.9523950461467251,2.090536817133339,52.85240741224926,995_17
-0.020505863166630785,23.412617123379484,46.04847254967814,1.0165035140088208,16.01674052325797,35.83073775520869,995_18
0.18750270831688853,33.26567423317064,47.60199594383982,0.9041290733207908,0.13197106415359627,43.23622433782319,995_19
0.10319777187974415,29.98132186324026,9.675751528184131,0.9205119648300404,-2.9064391161449485,30.887793525826083,995_20
0.5111720733302941,0.0,33.08836865156361,0.7432717063985881,0.0,1.9045340490840594,996_1
0.14023625393888053,8.898989831103291,22.63585542629865,0.922508543592157,19.685050234518837,4.813997231950713,996_2
0.14148003574415347,21.082332032136968,24.966140517541163,0.8341348978199529,12.408510649336217,8.42222710587247,996_3
0.08174583432769737,31.534845257401944,14.513627292276196,0.9125077471134672,9.499047466469548,11.33169028873913,996_4
-0.18232198958390786,2.330285091242518,21.859093729217808,1.08357361817885,8.608229873921752,-1.388746059356535,996_5
0.2840198991798669,12.960103898114516,33.86513034864445,0.9116254456859261,-1.07379629387537,3.1072773403913097,996_6
-0.20443622649128038,6.391399158253744,0.0,1.1207244748556586,2.8493833455275452,0.0,996_7
-0.05294856452080949,4.8378757640920655,9.498445946577101,0.9961470627629309,0.4438967629130435,12.660356510756547,996_8
-0.12955762300963364,-3.284352369930387,6.391399158253745,1.1143069107796555,11.961589819701459,7.849383345527544,996_9
0.06971193079427651,4.061114067011226,-3.284352369930387,1.004891233096343,4.241153471605793,6.961589819701458,996_10
0.034152877414090045,12.960103898114518,21.859093729217808,0.9902928990302299,3.926203706124628,8.611253940643467,996_11
-0.028074816871563452,28.42779846907858,26.519663911702843,0.9676026382386033,4.688074301240551,5.827713688486973,996_12
0.42238008138009453,39.47976780981735,33.08836865156361,0.9037331001224341,4.753917394611602,1.9045340490840594,996_13
-0.0124553185482044,29.02725458455239,9.675751528184131,0.9771856225361654,2.663380577478261,5.887793525826086,996_14
0.12851080976333143,25.143446099148196,8.122228134022452,0.94210856876037,-3.350335879057994,-1.517693056788414,996_15
0.12980839246441497,10.452513225264969,29.02725458455239,0.9183307546496364,2.090536817133339,2.663380577478261,996_16
0.3102447130976282,32.488912536089806,17.021217965125743,0.9256960572533548,-6.070772227153656,-1.8326428222695768,996_17
0.31073919458032845,12.183342201033678,12.960103898114518,0.8855530615621294,2.723460414817378,3.926203706124628,996_18
0.5007304944598974,16.244456268044903,28.42779846907858,0.8555002464052615,-3.035386113576828,-5.311925698759451,996_19
-0.0240634658644191,22.63585542629865,6.391399158253745,0.9741766295766863,4.813997231950713,7.849383345527544,996_20
0.06870628461697215,23.412617123379484,21.082332032136968,0.9168657620291303,6.016740523257969,12.408510649336217,997_1
0.07076764250050288,19.351503056368262,24.189378820460327,0.9454820066231686,1.775587051652174,12.21948381456522,997_2
0.008424436820444803,16.244456268044903,25.920207796229032,0.9960500272958681,6.964613886423173,-2.14759258775074,997_3
0.051641923728882794,-4.061114067011227,22.635855426298644,0.931612620057756,5.758846528394208,-0.1860027680492813,997_4
0.05526034545612201,8.122228134022452,7.168160855334585,0.9267730767638273,3.4823069432115865,14.052126636834794,997_5
0.014169716052103092,4.061114067011226,16.244456268044907,0.9766356709961114,-0.758846528394207,1.9646138864231695,997_6
-0.02603841151730039,-5.6146374611729035,15.290388989357037,1.0266626345777046,13.353359945779705,2.534433580046379,997_7
0.02696585005344233,3.284352369930387,20.128264753449102,0.9642364412822007,13.038410180298541,2.978330342959424,997_8
-0.034207676700343886,0.0,25.143446099148196,1.0044782619303303,0.0,-3.350335879057994,997_9
0.08694612742796874,-4.8378757640920655,0.7767616970808394,0.9469607800922074,4.5561032370869565,1.2027432913072507,997_10
0.05962752187417483,8.898989831103291,5.6146374611729035,0.9707975307620378,-0.31494976548116327,11.646640054220295,997_11
-0.09302179440044353,0.7767616970808394,6.391399158253744,1.0616758472002004,1.2027432913072507,2.8493833455275452,997_12
0.1455419758257379,8.122228134022452,12.960103898114518,0.8981658283028086,-1.517693056788414,3.926203706124628,997_13
0.14796383657012183,-0.7767616970808392,-4.8378757640920655,0.9305519801832685,3.7972567086927493,14.556103237086957,997_14
0.25810109514267227,29.98132186324026,11.40658050395284,0.8564132049165456,2.0935608838550515,6.520717123510128,997_15
0.04672729626585503,10.452513225264969,7.345466436941613,0.9840919748147432,2.090536817133339,12.279563651904336,997_16
0.3348061164905731,1.5535233941616784,6.391399158253745,0.8208589120132453,7.405486582614502,7.849383345527544,997_17
-0.004746837790344612,13.736865595195356,-11.40658050395284,1.164398581768556,5.12894699743188,18.479282876489872,997_18
0.05859675358211574,-3.284352369930387,12.183342201033678,0.8965368078518746,6.961589819701458,12.723460414817378,997_19
0.019752981329075513,4.8378757640920655,-2.330285091242518,0.9965982036121656,0.4438967629130435,11.391770126078248,997_20
0.18177384438112063,40.433835088505234,29.80401628163323,0.9418522933137499,19.18409770098839,18.86612386878551,998_1
0.1441723276375998,10.629818806871999,47.002539828366004,0.9555634190014067,25.317973832202878,10.260918061585475,998_2
-0.055128227065337564,20.128264753449102,4.061114067011227,0.9975746253242831,27.978330342959424,39.24115347160579,998_3
0.18984874320318232,12.78279831650749,29.02725458455239,0.969644814248684,30.69876669105509,12.66338057747826,998_4
0.19714907748818913,17.021217965125743,49.33282491960852,0.9491762349353124,13.167357177730421,3.869147935507229,998_5
0.009980121561516765,-2.330285091242518,41.98735848266691,1.0007708119759393,21.39177012607825,16.589584283602886,998_6
0.08028497891429316,34.042435930251486,5.015181345699094,0.9287530499005263,-3.6652856445391535,23.671333777982586,998_7
0.19466058376744702,-2.507590672849547,33.86513034864446,0.9850852557025813,8.164333111008709,23.107277340391303,998_8
0.19595681332854903,7.168160855334585,44.31764357390943,0.9008149909382757,14.052126636834794,15.19781415752464,998_9
-0.04912506875031261,15.467694570964063,16.067150686437873,0.9310500824664537,5.761870595115921,28.737176871353633,998_10
-0.026965122824964726,14.513627292276196,44.49494915551645,0.967634429975486,1.3316902887391304,8.425251172594184,998_11
0.1497366943789331,25.742902214622006,42.76412017974775,0.9690798904017484,14.62497039717972,22.792327574910143,998_12
-0.05923955102973701,28.250492887471548,33.865130348644456,1.0063111380118233,11.46063728617101,18.10727734039131,998_13
0.4141432220213146,18.574741359287422,-12.960103898114516,0.8714256795612243,30.57284376034492,61.073796293875375,998_14
-0.018756041053554037,41.3879023671931,47.002539828366004,0.9691899740560629,-6.385721992634821,20.260918061585475,998_15
0.08821069495575742,32.31160695448278,38.10354999726272,0.9660011919082475,0.7017907577768057,15.575867827066638,998_16
0.11683578158965575,32.31160695448278,37.149482718574845,0.9514360489276529,5.701790757776806,21.145687520689847,998_17
0.23279127189433033,50.109586616689356,47.77930152544685,0.9138399962356183,5.071891226814479,21.46366135289272,998_18
-0.05228037116509396,39.65707339142439,64.02375779349174,0.9966279702747946,12.981354409681138,-1.5717247606841056,998_19
-0.04811646894819003,16.067150686437873,15.290388989357037,1.0158751418703011,3.7371768713536326,7.534433580046381,998_20
0.06345929503801899,0.0,0.0,0.9620736244099144,0.0,0.0,999_1
0.07165439700794311,0.0,0.0,1.0020495570549424,0.0,0.0,999_2
0.029804189743585768,0.0,0.0,0.9841633517191666,0.0,0.0,999_3
0.24403057495979386,0.0,4.061114067011226,0.9421656739197768,0.0,-0.758846528394207,999_4
0.09648425153142023,26.696969493309872,8.122228134022452,0.9682673789366157,-0.9448492964434898,13.482306943211585,999_5
-0.04359334020533856,0.7767616970808394,12.183342201033678,1.0235185070831863,1.2027432913072507,7.723460414817378,999_6
0.05395077138604642,5.437331879565875,21.681788147610774,0.9759461875762236,13.419203039150757,20.38381692557393,999_7
0.07850605876864314,-9.675751528184131,-0.2417384637806462,0.9509779465506285,9.112206474173913,22.16192292016766,999_8
0.1192488604198604,24.366684402067357,21.082332032136968,0.8990990365493566,0.446920829634756,17.408510649336215,999_9
-0.062021320503474545,-5.6146374611729035,-6.391399158253745,1.051631062298666,8.353359945779705,17.150616654472458,999_10
0.18290136323230008,20.905026450529938,22.63585542629865,0.9383522870713115,14.181073634266678,14.813997231950713,999_11
0.014902665418364134,12.183342201033678,46.04847254967814,0.9959582209198861,7.723460414817378,0.8307377552086805,999_12
0.03790697867886122,-12.00603661942665,0.7767616970808392,1.029090406488462,35.50397660025216,31.20274329130725,999_13
0.14631043821964823,0.0,17.021217965125743,0.90769548241309,15.0,18.167357177730423,999_14
0.04240248015941414,2.330285091242518,27.473731190390712,0.9640129195448218,18.60822987392175,5.25789399486376,999_15
-0.0418428652405156,30.758083560321097,4.8378757640920655,0.9914471534683573,-1.7036958248376948,25.44389676291304,999_16
0.27040673715253344,29.98132186324026,44.67225473712349,0.9002048480068657,12.093560883855051,6.652688187663724,999_17
-0.010188741331044547,0.0,9.675751528184131,0.9905339247371138,25.0,20.887793525826087,999_18
0.0983673355193758,25.920207796229036,23.235311541772457,0.9646886957056795,2.8524074122492564,17.789303508188432,999_19
0.06751583099839757,16.244456268044903,25.1434460991482,0.9603943500023734,6.964613886423173,21.649664120942003,999_20
0.2308731306021099,26.226379142183298,14.513627292276196,0.9427938808783107,60.3011245568444,86.33169028873913,1000_1
0.009102369619528441,25.920207796229036,23.412617123379484,0.9751989514168635,57.85240741224925,76.01674052325797,1000_2
0.06728560270915408,19.351503056368262,0.0,1.0121874674310225,81.77558705165217,100.0,1000_3
0.03460886242544322,12.960103898114518,14.513627292276196,0.9774797997119593,73.92620370612464,86.33169028873913,1000_4
0.04767917592674815,17.021217965125743,20.128264753449102,0.981556303437286,73.16735717773042,72.97833034295942,1000_5
-0.011148042179903431,8.898989831103291,5.6146374611729035,0.9564406652173507,89.68505023451884,91.6466400542203,1000_6
-0.06950380885682485,4.8378757640920655,33.86513034864445,1.1498675175839557,90.44389676291304,63.107277340391306,1000_7
0.03385407005711604,8.898989831103291,17.797979662206583,0.9431385744962247,84.68505023451884,79.37010046903768,1000_8
0.055031111846004344,15.290388989357037,4.061114067011227,0.9677847619273012,82.53443358004638,89.2411534716058,1000_9
0.04977705020670368,0.7767616970808392,4.8378757640920655,1.0254006962383133,96.20274329130726,95.44389676291304,1000_10
-0.02942464318582442,5.6146374611729035,23.412617123379484,1.0263580482823011,91.6466400542203,76.01674052325797,1000_11
-0.08690955291075059,-1.5535233941616784,5.6146374611729035,1.0446578806256714,97.5945134173855,91.6466400542203,1000_12
-0.004330563347888208,15.290388989357037,0.0,1.0046720458135767,77.53443358004638,100.0,1000_13
-0.06807516295291277,4.8378757640920655,8.898989831103291,1.042543688119884,95.44389676291304,89.68505023451884,1000_14
0.07973023890693128,18.574741359287422,0.0,0.9471360110584447,80.57284376034492,100.0,1000_15
0.19990819445165756,13.736865595195356,9.675751528184131,0.9055227696577873,85.12894699743188,90.8877935258261,1000_16
-0.021631295836062017,2.507590672849547,8.898989831103291,1.0539517193220458,91.83566688899128,89.68505023451884,1000_17
0.11617232814435918,14.513627292276196,-0.7767616970808392,0.9673603367492198,86.33169028873913,98.79725670869274,1000_18
0.021598584631249484,8.898989831103291,0.0,0.9999586594682736,89.68505023451884,100.0,1000_19
0.021868486811210282,27.473731190390712,17.797979662206583,1.0098168538587184,65.25789399486376,79.37010046903768,1000_20
0.1580154554160634,13.736865595195356,-20.905026450529938,0.9629566961723928,10.128946997431878,40.81892636573332,1001_1
0.1690120036599037,0.0,45.449016434204324,0.9476788940711675,10.0,2.8554314789709743,1001_2
0.26995166369356505,37.149482718574845,41.987358482666906,0.8787768612018366,1.1456875206898438,6.589584283602893,1001_3
0.18602839573978958,26.696969493309872,15.467694570964063,0.8849318538303952,19.05515070355651,25.761870595115923,1001_4
0.1269957486421635,20.305570335056128,12.183342201033678,0.9444406344832817,16.205767358028965,22.723460414817378,1001_5
0.09676987035433791,18.397435777680393,21.859093729217815,0.9117370173557597,22.345406745275387,28.611253940643458,1001_6
0.2009339686182978,8.122228134022459,39.83437897303142,0.8630449230782251,43.48230694321158,21.20879142475068,1001_7
0.2924521548395816,6.391399158253743,-8.721684249496262,0.9261799322275287,32.84938334552754,63.54238678055071,1001_8
0.18928630385145062,33.26567423317065,49.33282491960852,0.9947307413792684,10.131971064153593,28.86914793550723,1001_9
0.24845270428704155,32.31160695448278,61.516167120642194,0.8867355121534146,10.701790757776806,11.59260835032461,1001_10
0.07295079881746587,20.128264753449102,9.675751528184131,0.9409978149126815,27.978330342959424,50.88779352582608,1001_11
0.19758096533289418,4.660570182485036,42.76412017974775,0.8614072406197776,42.2164597478435,17.792327574910143,1001_12
0.10319871163534304,51.06365389537723,60.73940542356136,0.9206833622245236,19.502071533191266,-4.610134940982643,1001_13
0.24097436438891193,43.718187458435615,30.580777978714078,0.8197187788540548,12.222507881286933,30.06886716009276,1001_14
0.29852789586876777,13.736865595195356,40.433835088505234,0.8499241099233227,25.128946997431882,14.184097700988389,1001_15
0.2188185555613113,42.94142576135477,52.61717728953891,0.8582263184983688,11.019764589979683,16.90755811580577,1001_16
0.1805504713873845,35.595959324413165,27.473731190390712,0.9053023973613934,3.740200938075347,20.257893994863757,1001_17
0.17670781475623384,52.61717728953891,53.393938986619744,0.8773784715580624,11.90755811580577,8.11030140711302,1001_18
0.01130687401649588,2.507590672849547,5.614637461172905,0.9311587658598022,36.83566688899129,46.64664005422029,1001_19
0.2715795196883908,49.33282491960852,37.92624441565568,0.7631983716749092,8.869147935507229,22.348430811997098,1001_20
0.04998992909888708,20.305570335056128,49.51013050121555,0.9936103321279469,16.205767358028965,2.0965849505767657,1002_1
0.536037947565087,51.06365389537723,64.80051949057258,0.8693266047621337,-0.4979284668087338,9.631018530623152,1002_2
0.3936017203523982,27.651036771997745,68.08487186050297,0.8431080380674674,13.485331009933297,-7.330571289078307,1002_3
0.18279398578597536,18.574741359287422,45.094405270990265,0.9274647134569483,10.572843760344924,16.400557448831897,1002_4
0.08882891543338872,15.290388989357037,31.534845257401944,0.9536937440408104,7.534433580046381,4.499047466469548,1002_5
0.3333773920324788,41.21059678558608,24.966140517541163,0.8885645602220792,10.386840992295635,18.422227105872473,1002_6
0.39986085069779037,28.42779846907858,74.65357660036375,0.841940873038395,-5.311925698759451,-11.253750928481224,1002_7
0.6649416313372816,24.36668440206736,48.55606322252768,0.7438525576388815,20.446920829634756,7.666404644199972,1002_8
0.09248191477995117,17.797979662206583,34.042435930251486,0.9630833128255161,4.3701004690376735,16.334714355460843,1002_9
0.10109510814610714,16.067150686437873,65.3999756060464,1.0674509726119559,8.73717687135363,7.606324806860854,1002_10
0.4138139578917943,59.008576447792656,42.164664064273936,0.8286546644597963,9.756941461333312,24.817021298672433,1002_11
0.05782395922652208,34.042435930251486,40.433835088505234,1.0578317198814702,16.334714355460843,14.184097700988389,1002_12
0.2473657135979067,27.65103677199774,33.44297981477767,0.8887173991332293,18.4853310099333,13.359408079223137,1002_13
0.10264120397572776,41.3879023671931,42.94142576135478,0.9360923880205997,-6.385721992634821,1.0197645899796797,1002_14
-0.0823071531344643,63.84645221188471,47.77930152544685,1.0777784296608413,0.2008382242463611,6.463661352892721,1002_15
0.406233279522371,28.427798469078585,38.880311694343554,0.8085271012655562,14.688074301240551,11.778611118373888,1002_16
0.3307475916152505,33.08836865156361,36.37272102149401,0.8309676066183027,6.904534049084059,9.942944229382594,1002_17
0.5073232101745266,21.082332032136968,37.149482718574845,0.7397842196576705,17.408510649336215,21.145687520689847,1002_18
0.15021576385064442,21.859093729217808,29.80401628163323,0.9926915462882013,8.611253940643467,8.866123868785515,1002_19
0.0542615841631689,20.128264753449102,47.77930152544685,0.9866230768812417,2.978330342959424,6.463661352892721,1002_20
0.07750908881857087,27.473731190390712,34.81919762733233,0.9317811795889098,15.25789399486376,22.537457646768097,1003_1
0.49624811044786205,33.865130348644456,20.128264753449102,0.9076498298111495,18.10727734039131,42.978330342959424,1003_2
0.15830828930743165,21.082332032136968,30.935389141928127,1.0450899807515814,17.408510649336215,11.523741190231842,1003_3
0.014255625936862582,2.330285091242518,3.883808485404196,0.9535655667467348,38.60822987392175,51.01371645653626,1003_4
0.19913036128685946,23.412617123379484,33.865130348644456,0.9658711840027103,11.016740523257969,13.10727734039131,1003_5
0.2366834854255299,45.094405270990265,34.81919762733233,0.8976591100696687,11.400557448831897,27.537457646768097,1003_6
0.26009723583284144,17.797979662206583,25.1434460991482,0.8845411120297821,14.370100469037673,21.649664120942003,1003_7
0.05920404391587505,24.966140517541163,31.357539675794907,0.9357956271889143,18.422227105872473,16.271610451400015,1003_8
0.17816436101903102,23.235311541772457,26.519663911702843,0.9204610236013553,7.78930350818843,25.82771368848697,1003_9
0.07728113345943469,38.703006112736524,39.47976780981736,1.012678638522088,18.551174103304344,19.7539173946116,1003_10
0.10193571238773771,8.721684249496262,27.29642560878368,0.9697024918329689,31.457613219449296,22.030456979794227,1003_11
0.1451813332759842,30.580777978714075,39.47976780981736,0.9662699122086857,20.06886716009276,19.7539173946116,1003_12
0.34064832403016804,17.797979662206583,17.021217965125743,0.9007031153806563,9.370100469037673,23.167357177730423,1003_13
0.16256335640482197,48.556063222527676,21.681788147610774,0.9915162514128165,2.6664046441999787,20.38381692557393,1003_14
0.07597318841740336,30.758083560321097,29.98132186324026,0.9502223502219578,3.2963041751623052,2.0935608838550515,1003_15
0.046640735881785245,24.366684402067357,53.571244568226774,0.9542449724734234,-4.553079170365244,-8.662261577817443,1003_16
0.07561047428602372,34.042435930251486,42.16466406427394,0.950447101820358,-3.6652856445391535,-0.1829787013275741,1003_17
0.391588834280477,16.18713279330841,47.77930152544685,0.8854464676408084,9.279552267031857,11.463661352892721,1003_18
0.14921515862433202,24.189378820460327,23.235311541772457,0.9945924896701507,17.21948381456522,12.78930350818843,1003_19
0.08379907006701993,38.880311694343554,46.04847254967814,0.9209445521260532,-3.221388881626112,10.830737755208684,1003_20
-0.04668153745756604,38.703006112736524,15.290388989357037,1.0564357313023724,8.551174103304348,27.534433580046375,1005_1
0.027231178863163605,11.229274922345807,1.3762178125546474,0.9870368334361417,13.293280108440591,39.17804956754496,1005_2
0.22360918434517266,17.797979662206583,30.758083560321108,0.9404823775271904,9.370100469037673,18.296304175162295,1005_3
0.05062144854550733,30.580777978714075,48.378757640920654,0.9925496360949271,20.06886716009276,29.43896762913044,1005_4
0.13874325608346202,-13.736865595195356,-9.853057109791159,0.9083350548084642,14.871053002568122,30.884769459104373,1005_5
-0.06995055198772931,25.143446099148196,28.250492887471548,1.013550375285862,-3.350335879057994,1.4606372861710106,1005_6
0.010633361509339353,37.92624441565568,47.60199594383982,1.0112148012811797,22.348430811997098,13.236224337823181,1005_7
0.01604586277392086,20.128264753449102,11.051969340738781,0.9722272988536528,2.978330342959424,25.06584309337105,1005_8
0.06085082241156426,24.966140517541163,21.681788147610778,0.9421705779339201,8.42222710587247,25.38381692557393,1005_9
-0.012137716038583345,16.843912383518713,20.128264753449102,1.066488800507723,9.939920162660883,17.978330342959424,1005_10
0.0672003095376888,13.736865595195356,31.534845257401933,0.9880318319527834,0.1289469974318802,14.499047466469559,1005_11
0.03693674006308952,15.290388989357037,52.43987170793188,0.9443372883780322,2.534433580046379,18.68012110073623,1005_12
0.24127253951142263,21.681788147610778,41.21059678558607,0.9321294440026215,15.383816925573926,5.386840992295639,1005_13
0.14224470026615582,29.98132186324026,36.37272102149401,0.916138067111969,2.0935608838550515,14.94294422938259,1005_14
-0.05120988907152807,39.65707339142439,49.33282491960852,1.0485395130836708,2.981354409681142,13.869147935507229,1005_15
-0.08775043180728406,21.681788147610778,60.56209984195433,1.0132063353137506,10.383816925573926,7.16242804394782,1005_16
0.3324465976806336,21.859093729217808,15.46769457096407,0.9186771093485223,-1.388746059356535,30.761870595115916,1005_17
-0.020156323974257335,16.067150686437873,35.595959324413165,1.0628763864799413,8.73717687135363,18.740200938075347,1005_18
0.08902294606725904,50.10958661668936,53.393938986619744,0.9723543021650564,0.07189122681447557,-1.8896985928869796,1005_19
0.30282294446868874,32.488912536089806,56.85559693815716,0.9234256240937144,-6.070772227153656,-10.623851397518902,1005_20
0.041466117370580216,4.061114067011226,12.782798316507488,0.9739522508456335,-0.758846528394207,5.6987666910550905,1006_1
-0.025079903833663864,9.675751528184131,22.63585542629865,0.9892833933747682,0.887793525826087,4.813997231950713,1006_2
0.32221769905276637,11.40658050395284,3.107046788323357,0.9035291689434526,6.520717123510128,19.810973165229004,1006_3
0.024653215209330604,2.330285091242518,4.8378757640920655,0.9809795529606988,13.608229873921752,20.44389676291304,1006_4
0.11049749406993899,-3.284352369930387,10.629818806871999,0.9570852602408365,6.961589819701458,20.317973832202878,1006_5
0.038211232614632856,4.061114067011226,4.8378757640920655,0.9758389889369865,4.241153471605793,10.443896762913043,1006_6
-0.024150286994606626,0.0,12.183342201033678,1.018771835247309,0.0,2.723460414817378,1006_7
0.004584912296585402,8.122228134022452,-0.7767616970808392,1.0302480539195198,8.482306943211587,23.79725670869275,1006_8
0.004704600344912175,-0.7767616970808392,10.452513225264969,1.0122769774003209,23.79725670869275,17.090536817133337,1006_9
0.060660665890827636,-4.8378757640920655,0.7767616970808392,0.9138555805672897,9.556103237086957,21.20274329130725,1006_10
0.010482451958781506,12.960103898114516,14.513627292276196,0.9803779591697699,-1.07379629387537,11.33169028873913,1006_11
0.008945001036542334,0.0,-7.345466436941613,0.9836311488343072,0.0,12.720436348095665,1006_12
0.03851852045914051,10.452513225264969,4.061114067011226,0.9374780913558182,2.090536817133339,9.241153471605791,1006_13
0.001982928226716954,0.0,8.898989831103291,0.9758055039441643,0.0,-0.31494976548116327,1006_14
0.05151322519587126,18.397435777680393,9.675751528184131,0.9488739911169791,7.345406745275383,0.887793525826087,1006_15
0.15046252953327166,15.290388989357037,18.574741359287422,0.9233505291684295,2.534433580046379,15.572843760344924,1006_16
0.06124690115983953,33.26567423317064,8.122228134022452,0.9860695869440883,-4.868028935846404,13.482306943211585,1006_17
0.012892145983612043,17.797979662206583,34.819197627332336,0.9613079443347892,4.3701004690376735,12.53745764676809,1006_18
0.04436744355485325,12.960103898114516,8.898989831103291,0.9595590429684947,-1.07379629387537,14.685050234518837,1006_19
0.037404778287060514,4.061114067011226,13.736865595195356,0.9525139246944623,4.241153471605793,0.1289469974318802,1006_20
-0.00015881931767786482,0.7767616970808394,4.061114067011226,0.9689139916803495,1.2027432913072507,-0.758846528394207,1007_1
-0.006587723035910868,2.330285091242518,13.914171176802386,1.0085493768763167,8.608229873921752,13.35638401250142,1007_2
0.048472180344585274,3.284352369930387,8.122228134022452,0.9759156480433779,3.038410180298542,8.482306943211587,1007_3
0.04312556724947926,14.513627292276196,11.229274922345807,0.9625384034844545,6.33169028873913,23.29328010844059,1007_4
0.013561054341101322,7.345466436941613,12.00603661942665,0.9821689260053899,7.2795636519043345,9.49602339974784,1007_5
0.0002748678519636306,7.944922552415421,14.513627292276196,0.9721565995369975,5.254869928142048,1.3316902887391304,1007_6
0.25502765829879137,1.5535233941616784,19.351503056368262,0.8751444183625096,7.405486582614502,6.775587051652172,1007_7
0.05861789425571526,23.412617123379484,17.797979662206583,0.9607237309520659,1.016740523257969,4.3701004690376735,1007_8
0.2196417677302692,10.452513225264969,11.40658050395284,0.9283498877930415,2.090536817133339,16.520717123510124,1007_9
-0.07399591998421484,5.6146374611729035,-6.568704739860774,1.0606764850005697,11.646640054220295,18.923179639402917,1007_10
0.41769256538685895,29.80401628163323,7.944922552415421,0.8693078500779382,3.8661238687855146,20.25486992814205,1007_11
0.2578994715403449,21.859093729217808,27.296425608783686,0.9337217262231792,-1.388746059356535,7.03045697979422,1007_12
0.025809169771101374,21.859093729217808,16.244456268044907,0.9881974611158443,8.611253940643467,1.9646138864231695,1007_13
-0.03691724871860659,13.736865595195356,22.63585542629865,1.0262037892078362,5.12894699743188,4.813997231950713,1007_14
0.06379180671226717,21.082332032136968,34.042435930251486,0.9381620819062628,2.4085106493362165,1.3347143554608465,1007_15
0.13141265193817148,13.736865595195356,6.391399158253744,0.9380718966799979,0.1289469974318802,2.8493833455275452,1007_16
-0.07166990943419946,8.122228134022452,6.391399158253745,1.0239120936904065,3.4823069432115865,7.849383345527544,1007_17
0.04734848635381342,21.082332032136968,23.412617123379484,0.9776052129101848,-2.5914893506637835,1.016740523257969,1007_18
-0.002835211945624032,10.452513225264969,4.8378757640920655,0.987292752099509,2.090536817133339,0.4438967629130435,1007_19
0.10127737788819978,8.122228134022452,12.960103898114518,0.9597214791544137,-1.517693056788414,3.926203706124628,1007_20
0.6860354683735684,34.042435930251486,8.122228134022452,0.8270891314972755,-3.6652856445391535,3.4823069432115865,1008_1
0.029364495113337222,15.290388989357037,35.595959324413165,0.94208101022624,2.534433580046379,-1.259799061924653,1008_3
0.18679141404617075,24.366684402067357,11.40658050395284,0.915310398023001,-4.553079170365244,16.520717123510124,1008_4
-0.15119888712814442,16.244456268044907,0.7767616970808392,1.0710143064353983,1.9646138864231695,21.20274329130725,1008_5
0.10763903538320688,21.082332032136968,25.143446099148196,0.9885255715727281,-2.5914893506637835,1.649664120942008,1008_6
0.6330155173759512,1.5535233941616784,49.33282491960852,0.8460538446791112,7.405486582614502,3.869147935507229,1008_7
0.15474999738707942,16.067150686437873,6.990855273727553,1.092370397243655,3.7371768713536326,25.82468962176526,1008_8
0.22519615077565627,12.00603661942665,15.113083407750008,0.7265094982241038,14.49602339974784,19.306996564976842,1008_9
0.1426501029454461,21.859093729217808,23.412617123379484,0.9489794999193749,3.6112539406434667,6.016740523257969,1008_10
0.39064452012511763,8.898989831103291,4.061114067011226,0.8906880086999873,4.685050234518837,9.241153471605791,1008_11
0.0809108641017844,21.859093729217808,39.65707339142439,0.9585037881347879,-1.388746059356535,2.981354409681142,1008_12
0.11349929119716205,26.696969493309872,34.81919762733233,0.9393625581159197,-0.9448492964434898,7.537457646768093,1008_13
0.32063850460593746,29.02725458455239,33.865130348644456,0.8810345638470358,2.663380577478261,13.10727734039131,1008_14
0.34799912143611417,20.305570335056128,14.513627292276196,0.909816325879843,-3.7942326419710337,6.33169028873913,1008_15
-0.012873831409463408,24.366684402067357,29.98132186324026,0.9709752583606588,-4.553079170365244,2.0935608838550515,1008_16
0.1380011511397366,17.797979662206583,40.433835088505234,0.9270836696134781,-0.6298995309623265,-0.8159022990116149,1008_17
0.5038337590198542,19.351503056368262,34.042435930251486,0.8177347355734329,6.775587051652172,11.334714355460846,1008_18
0.7304795248242709,21.859093729217808,24.366684402067357,0.8282184794319861,-1.388746059356535,5.446920829634756,1008_19
0.2739532529834902,30.758083560321097,16.244456268044903,0.9029184386130235,3.2963041751623052,21.964613886423173,1008_20
0.0952370311847422,-17.02121796512574,11.229274922345814,1.0623795894360875,76.83264282226958,48.293280108440584,1009_1
0.48203403480012535,32.31160695448278,33.08836865156361,0.7697956348580013,5.701790757776806,11.90453404908406,1009_2
0.596939632262004,52.61717728953891,21.681788147610774,0.7906965062663314,-3.0924418841942334,20.38381692557393,1009_3
0.166280643727872,27.473731190390712,25.488277174406633,0.8169357973185102,10.25789399486376,9.864765304394824,1009_4
0.7116564131456247,50.88634831377021,60.73940542356136,0.876288975719735,1.2746345181217222,0.38986505901735313,1009_5
0.58002766952717,54.947462380781424,46.04847254967814,0.9031267816849685,0.5157879897275208,10.830737755208684,1009_6
0.2744659502394926,50.109586616689356,19.17419747476123,0.8339980115855798,10.07189122681448,28.548150036582637,1009_7
0.27147778961125035,38.880311694343554,52.61717728953891,0.8634973521947621,16.778611118373888,-3.0924418841942334,1009_8
0.6097484585841652,37.92624441565568,63.84645221188471,0.809327297213677,22.348430811997098,0.2008382242463611,1009_10
0.26034214134457995,8.72168424949626,41.21059678558607,0.9299335005410867,6.457613219449298,15.386840992295639,1009_11
0.8873623132680111,23.589922704986513,46.04847254967814,0.6866134398702349,24.244177538327513,25.830737755208684,1009_12
0.45553951813201893,49.33282491960852,46.82523424675897,0.7786149025257441,-1.1308520644927746,2.033481046515938,1009_13
0.41707665045673625,31.534845257401933,39.65707339142439,0.8216140402146591,24.49904746646956,17.98135440968114,1009_14
0.3548970912567789,44.31764357390943,42.76412017974775,0.8679949000130843,5.197814157524643,12.792327574910143,1009_15
0.07372349798331665,44.49494915551645,-7.345466436941613,0.9341275389138961,13.425251172594184,42.72043634809567,1009_16
0.421472451427267,47.77930152544685,47.002539828366004,0.7896127979321443,-3.5363386471072786,5.260918061585475,1009_17
0.497288868827768,32.31160695448278,37.149482718574845,0.7897796330881023,5.701790757776806,26.145687520689847,1009_18
0.5280968061769237,40.611140670112256,50.28689219829639,0.8510706623713462,2.4115347160579326,-1.7006717581159876,1009_19
0.5091210044152316,63.84645221188471,45.094405270990265,0.7673518320072084,5.200838224246361,11.400557448831897,1009_20
0.040666821353112816,12.183342201033678,32.31160695448278,0.9520347127081616,17.723460414817378,5.701790757776806,1010_1
0.1470004705035451,8.122228134022452,16.244456268044903,0.9379179231212487,-1.517693056788414,-3.035386113576828,1010_2
0.25375675493609245,-8.898989831103291,8.898989831103291,0.944033672653212,15.314949765481163,14.685050234518837,1010_3
0.10118796171461225,23.412617123379484,26.696969493309872,0.9121887860194465,1.016740523257969,-0.9448492964434898,1010_4
0.024423643141394023,12.782798316507488,0.0,0.953015020805619,5.6987666910550905,15.0,1010_5
0.034314072597109786,8.122228134022452,11.40658050395284,0.9346783354135086,-1.517693056788414,6.520717123510128,1010_6
0.027887351228539158,4.061114067011226,15.467694570964063,0.9847810127004893,-0.758846528394207,5.761870595115921,1010_7
0.1283858745302928,8.898989831103291,12.960103898114518,0.9471752009692783,-0.31494976548116327,3.926203706124628,1010_8
0.0616477964729699,17.797979662206583,-8.122228134022452,0.9952302188439413,-0.6298995309623265,31.517693056788417,1010_9
0.14896210919862268,13.736865595195356,18.574741359287422,0.9152369858159943,10.128946997431878,5.572843760344924,1010_10
0.3689238166305836,25.143446099148196,45.449016434204324,0.8420719196192809,1.649664120942008,-2.1445685210290257,1010_11
0.17161381444502666,11.40658050395284,29.98132186324026,0.902748525957705,6.520717123510128,2.0935608838550515,1010_12
0.13844832201648738,-4.8378757640920655,4.061114067011227,0.946055677511406,14.556103237086957,19.241153471605795,1010_13
-0.008212805629698188,7.345466436941613,23.589922704986513,0.9720926485514244,2.2795636519043354,4.2441775383275075,1010_14
-0.0572665621562094,15.467694570964063,34.99650320893935,0.9928595906725591,0.761870595115921,10.764894661837637,1010_15
0.15609029047870093,12.183342201033678,35.7732649060202,0.9472204302872126,-2.276539585182622,-3.03236204685512,1010_16
0.0401284752631472,4.8378757640920655,8.721684249496262,1.0160985405186205,20.44389676291304,11.4576132194493,1010_17
0.03072498771638329,9.675751528184131,8.122228134022452,0.9805509062042113,0.887793525826087,3.4823069432115865,1010_18
0.014776550014774148,21.859093729217808,17.19852354673278,0.9593281533745723,-1.388746059356535,21.394794192799957,1010_19
0.014490690991624604,0.0,8.122228134022452,0.9809006255358274,10.0,3.4823069432115865,1010_20
0.07114004648980927,45.76229718759572,-16.067150686437873,1.0515419871287834,30.387621805779695,76.26282312864637,1011_1
0.28669059832983035,63.06969051480389,40.433835088505234,1.0167200234450111,8.998094932939097,39.18409770098839,1011_2
0.3641972356512754,37.149482718574845,43.718187458435615,1.1174836712976308,36.14568752068985,37.22250788128693,1011_3
0.4647108199071404,23.3610708176406,6.241647183195158,0.8747858842641291,33.32822847144773,65.57040213267824,1011_4
0.25513447296496045,47.88239413692463,26.696969493309872,0.9007664257481767,31.840685456513206,39.05515070355651,1011_5
0.07061788580005911,16.244456268044903,20.305570335056128,0.9495516108696629,-3.035386113576828,-3.7942326419710337,1011_6
0.2801856418290859,29.02725458455239,47.77930152544685,0.982220115542262,7.663380577478261,31.46366135289272,1011_7
0.019374574516199772,31.534845257401944,10.452513225264964,1.1067623212769055,19.499047466469552,57.09053681713334,1011_8
0.06174350687468155,22.63585542629864,25.84199811078119,0.9385709065301853,54.813997231950715,49.21490786742898,1011_9
0.3257430446053715,41.03329120397903,50.109586616689356,0.9028226449165282,17.159403977226102,40.07189122681448,1011_10
0.17466413322513233,48.55606322252768,61.33886153903517,0.9617549028480056,12.666404644199972,28.365171335255063,1011_12
0.0397570391742877,28.849949002945362,50.8863483137702,0.9732535182633034,14.435943562408724,16.274634518121726,1011_13
0.10767340735689074,41.21059678558607,44.49494915551645,0.9443286426339433,0.38684099229563884,13.425251172594184,1011_14
0.20213126695411998,41.49677214766849,53.78898412917754,0.9305501233862956,5.829956941724625,20.76909629090145,1011_15
0.1806889329799277,37.149482718574845,24.189378820460327,0.9186556517576864,6.145687520689844,27.219483814565216,1011_16
0.28203447257702624,35.595959324413165,43.46356241822025,0.9167019657817304,3.740200938075347,2.4623027885020328,1011_17
0.049980537810303476,22.63585542629865,37.92624441565568,0.9807362021676868,14.813997231950713,32.3484308119971,1011_19
0.2843001449497237,4.061114067011227,25.143446099148196,0.9317667576921372,34.24115347160579,36.649664120942006,1011_20
-0.01564000276632738,8.898989831103291,29.98132186324026,0.9972421408062837,29.685050234518837,12.093560883855051,1012_1
0.18234884327841894,19.351503056368262,25.920207796229036,0.9592414376750017,6.775587051652172,17.85240741224926,1012_2
0.06772627716567689,0.0,16.067150686437873,0.9280598345480715,15.0,23.737176871353633,1012_3
0.08239940038420897,8.898989831103291,22.635855426298644,0.9421736333728646,-0.31494976548116327,-0.1860027680492813,1012_4
0.008079591839889452,12.960103898114516,8.898989831103291,0.9959781227218477,-1.07379629387537,9.685050234518837,1012_5
-0.030204160998846274,4.8378757640920655,26.519663911702843,0.9821969454876147,5.4438967629130435,5.827713688486973,1012_6
-0.021519560365504575,4.061114067011226,0.7767616970808392,1.0261989413284391,-0.758846528394207,11.20274329130725,1012_7
-0.03795390856516495,0.0,18.574741359287422,1.0160549125285794,0.0,5.572843760344924,1012_8
0.028524409751603478,-8.122228134022453,8.898989831103291,0.9738541631828015,11.517693056788415,9.685050234518837,1012_9
0.10781093340143609,-0.7767616970808392,0.0,0.9449301011738795,3.7972567086927493,0.0,1012_10
-0.0262574049796636,28.42779846907858,25.920207796229032,1.009931145946046,-5.311925698759451,-2.14759258775074,1012_11
0.01170306961859062,0.0,11.40658050395284,0.9986320098661466,0.0,1.5207171235101278,1012_12
0.02974387651042568,-9.675751528184131,5.791943042779934,0.9469931062930548,9.112206474173913,14.874077069289832,1012_13
-0.004090790340324677,5.6146374611729035,4.061114067011226,1.0039622165390014,1.646640054220295,4.241153471605793,1012_14
0.015414550926926666,8.122228134022452,11.40658050395284,1.0089260276874321,-1.517693056788414,1.5207171235101278,1012_15
0.017382877675290117,4.061114067011226,6.391399158253744,0.9920233670851577,-0.758846528394207,2.8493833455275452,1012_16
0.3269427590875578,18.574741359287422,16.067150686437873,0.8761245544671598,0.5728437603449219,3.7371768713536326,1012_17
-0.020319431743080655,-4.8378757640920655,-9.675751528184131,0.9907580967472455,4.5561032370869565,9.112206474173913,1012_18
0.09325316421542905,8.122228134022452,17.021217965125743,0.9298595582117835,-1.517693056788414,3.1673571777304232,1012_19
0.028374590720575594,4.061114067011226,8.898989831103291,0.96142475699062,-0.758846528394207,-0.31494976548116327,1012_20
0.11904915737552813,12.00603661942665,0.9540672786878688,0.9102859641595471,9.49602339974784,24.43018030637679,1013_1
0.044900947572144564,23.589922704986513,12.183342201033678,0.8901856602713817,-0.7558224616724907,27.723460414817378,1013_2
0.01763285878600757,11.229274922345807,14.513627292276196,0.9848698282922324,3.29328010844059,16.331690288739132,1013_3
0.11415248977420397,9.675751528184131,12.183342201033678,0.965075623987042,5.887793525826086,17.723460414817378,1013_4
0.0342776573349509,4.061114067011226,4.061114067011226,0.9698633503097766,-0.758846528394207,9.241153471605791,1013_5
0.07257545081306063,-0.7767616970808392,35.418653742806136,0.9691424821023416,3.7972567086927493,20.512763923005803,1013_6
0.06750063327648229,4.061114067011226,5.6146374611729035,1.1049330833134225,4.241153471605793,26.646640054220295,1013_7
0.3979016847905733,26.696969493309872,14.690932873883225,0.9054487231435806,14.05515070355651,14.559127303808669,1013_8
-0.043700295362316476,-6.391399158253745,19.351503056368262,1.065766114688113,12.150616654472456,21.775587051652174,1013_9
-0.019281969478256052,0.0,-1.5535233941616784,0.9878914906219837,20.0,32.5945134173855,1013_10
0.05414263182567096,17.797979662206583,32.13430137287575,0.9337404387315432,-0.6298995309623265,7.474353742707265,1013_11
0.3608244407589053,24.366684402067357,18.574741359287422,0.9061849418631808,0.446920829634756,15.572843760344924,1013_12
0.2742010405056337,12.183342201033678,24.189378820460327,0.8622348459220339,-2.276539585182622,2.219483814565219,1013_13
-0.08278517046759659,29.98132186324026,27.473731190390712,1.1067492801171517,2.0935608838550515,30.257893994863757,1013_14
0.3098280134177224,1.7308289757687079,33.08836865156362,0.8747707415149151,15.632923597684043,21.904534049084052,1013_15
0.08717298832866177,40.433835088505234,34.042435930251486,0.9884926636593252,39.18409770098839,31.334714355460843,1013_16
0.4387955260687221,16.244456268044903,42.94142576135477,0.8800666648027551,6.964613886423173,6.019764589979687,1013_17
0.2215771458828015,35.595959324413165,20.905026450529938,0.9494990197555522,18.740200938075347,34.181073634266674,1013_18
0.2712972847733167,27.473731190390712,12.782798316507487,0.8992074867288531,30.257893994863757,45.69876669105509,1013_19
0.4101125600463631,60.56209984195433,23.589922704986513,0.927272885589058,17.16242804394782,44.24417753832751,1013_20
-0.010031220931920007,30.580777978714075,4.061114067011227,1.0550428579255637,40.068867160092765,39.24115347160579,1014_1
0.15372500822055254,42.76412017974775,47.42469036223278,0.985528267737529,7.792327574910143,10.008787322753651,1014_2
0.02014442617828825,38.880311694343554,7.345466436941613,0.939645516825508,16.778611118373888,47.27956365190433,1014_3
0.22370872473589803,9.675751528184131,19.528808637975292,0.9650542091683317,35.88779352582608,30.00302406672171,1014_4
0.06930086433377486,14.513627292276196,23.41261712337949,0.9479984013218299,26.331690288739132,31.016740523257965,1014_5
0.01573894484180589,-6.568704739860774,2.507590672849547,1.0073428199404402,33.92317963940292,36.83566688899129,1014_6
0.1501833900215775,19.351503056368262,34.81919762733233,1.043948881733069,16.775587051652174,22.537457646768097,1014_7
0.29937614871826124,13.914171176802386,14.690932873883225,0.826602044823205,38.356384012501415,34.55912730380867,1014_8
0.1504876027252684,18.574741359287422,29.02725458455239,0.914497536219554,30.57284376034492,12.66338057747826,1014_9
0.1585766209841599,27.473731190390712,30.758083560321097,0.9871827400477681,30.257893994863757,8.296304175162305,1014_10
0.2181130226206624,40.433835088505234,34.042435930251486,0.9079043205930716,4.184097700988385,6.3347143554608465,1014_11
0.33602055158935823,32.31160695448278,22.81316100790568,0.8140342472888484,15.701790757776806,28.041434247020252,1014_13
0.08621256612845161,44.494949155516466,24.189378820460327,1.0738674180633025,3.4252511725941766,17.21948381456522,1014_14
0.011492955913961333,59.008576447792656,19.351503056368262,0.9781923344192572,4.756941461333312,6.775587051652172,1014_15
0.19752145757579265,23.235311541772457,18.574741359287422,0.9481155624472022,17.789303508188432,25.57284376034492,1014_16
0.10509044753447391,16.843912383518713,30.758083560321108,0.9920704139947505,19.939920162660883,18.296304175162295,1014_17
0.013202806764654348,51.66311001085105,20.905026450529938,0.9460153745980295,2.477377809428976,14.181073634266678,1014_18
0.3137113131462699,30.758083560321097,10.629818806871999,0.8755652897404563,13.296304175162305,25.317973832202878,1014_19
-0.02694214794052471,38.10354999726272,10.629818806871999,1.049432275201154,20.575867827066638,30.317973832202874,1014_20
